Ref_Date,Geography,Measure Type,Measure,  Value  
4/1/2005,Alberta,Total Caseload,Total Caseload,"27,969"
5/1/2005,Alberta,Total Caseload,Total Caseload,"27,894"
6/1/2005,Alberta,Total Caseload,Total Caseload,"27,720"
7/1/2005,Alberta,Total Caseload,Total Caseload,"27,680"
8/1/2005,Alberta,Total Caseload,Total Caseload,"27,702"
9/1/2005,Alberta,Total Caseload,Total Caseload,"26,896"
10/1/2005,Alberta,Total Caseload,Total Caseload,"25,899"
11/1/2005,Alberta,Total Caseload,Total Caseload,"26,042"
12/1/2005,Alberta,Total Caseload,Total Caseload,"26,145"
1/1/2006,Alberta,Total Caseload,Total Caseload,"26,182"
2/1/2006,Alberta,Total Caseload,Total Caseload,"25,065"
3/1/2006,Alberta,Total Caseload,Total Caseload,"25,130"
4/1/2006,Alberta,Total Caseload,Total Caseload,"24,535"
5/1/2006,Alberta,Total Caseload,Total Caseload,"24,773"
6/1/2006,Alberta,Total Caseload,Total Caseload,"24,674"
7/1/2006,Alberta,Total Caseload,Total Caseload,"24,574"
8/1/2006,Alberta,Total Caseload,Total Caseload,"25,095"
9/1/2006,Alberta,Total Caseload,Total Caseload,"24,647"
10/1/2006,Alberta,Total Caseload,Total Caseload,"24,205"
11/1/2006,Alberta,Total Caseload,Total Caseload,"24,669"
12/1/2006,Alberta,Total Caseload,Total Caseload,"24,818"
1/1/2007,Alberta,Total Caseload,Total Caseload,"25,436"
2/1/2007,Alberta,Total Caseload,Total Caseload,"25,141"
3/1/2007,Alberta,Total Caseload,Total Caseload,"25,232"
4/1/2007,Alberta,Total Caseload,Total Caseload,"24,886"
5/1/2007,Alberta,Total Caseload,Total Caseload,"25,289"
6/1/2007,Alberta,Total Caseload,Total Caseload,"25,305"
7/1/2007,Alberta,Total Caseload,Total Caseload,"25,447"
8/1/2007,Alberta,Total Caseload,Total Caseload,"25,772"
9/1/2007,Alberta,Total Caseload,Total Caseload,"25,106"
10/1/2007,Alberta,Total Caseload,Total Caseload,"25,091"
11/1/2007,Alberta,Total Caseload,Total Caseload,"25,172"
12/1/2007,Alberta,Total Caseload,Total Caseload,"25,099"
1/1/2008,Alberta,Total Caseload,Total Caseload,"25,987"
2/1/2008,Alberta,Total Caseload,Total Caseload,"26,165"
3/1/2008,Alberta,Total Caseload,Total Caseload,"25,961"
4/1/2008,Alberta,Total Caseload,Total Caseload,"26,354"
5/1/2008,Alberta,Total Caseload,Total Caseload,"26,683"
6/1/2008,Alberta,Total Caseload,Total Caseload,"26,627"
7/1/2008,Alberta,Total Caseload,Total Caseload,"26,946"
8/1/2008,Alberta,Total Caseload,Total Caseload,"27,030"
9/1/2008,Alberta,Total Caseload,Total Caseload,"26,908"
10/1/2008,Alberta,Total Caseload,Total Caseload,"26,796"
11/1/2008,Alberta,Total Caseload,Total Caseload,"26,924"
12/1/2008,Alberta,Total Caseload,Total Caseload,"28,223"
1/1/2009,Alberta,Total Caseload,Total Caseload,"29,444"
2/1/2009,Alberta,Total Caseload,Total Caseload,"30,302"
3/1/2009,Alberta,Total Caseload,Total Caseload,"31,610"
4/1/2009,Alberta,Total Caseload,Total Caseload,"32,850"
5/1/2009,Alberta,Total Caseload,Total Caseload,"34,143"
6/1/2009,Alberta,Total Caseload,Total Caseload,"34,975"
7/1/2009,Alberta,Total Caseload,Total Caseload,"35,617"
8/1/2009,Alberta,Total Caseload,Total Caseload,"35,740"
9/1/2009,Alberta,Total Caseload,Total Caseload,"36,438"
10/1/2009,Alberta,Total Caseload,Total Caseload,"36,630"
11/1/2009,Alberta,Total Caseload,Total Caseload,"36,935"
12/1/2009,Alberta,Total Caseload,Total Caseload,"38,230"
1/1/2010,Alberta,Total Caseload,Total Caseload,"39,315"
2/1/2010,Alberta,Total Caseload,Total Caseload,"39,517"
3/1/2010,Alberta,Total Caseload,Total Caseload,"40,144"
4/1/2010,Alberta,Total Caseload,Total Caseload,"40,177"
5/1/2010,Alberta,Total Caseload,Total Caseload,"39,920"
6/1/2010,Alberta,Total Caseload,Total Caseload,"40,130"
7/1/2010,Alberta,Total Caseload,Total Caseload,"39,814"
8/1/2010,Alberta,Total Caseload,Total Caseload,"39,633"
9/1/2010,Alberta,Total Caseload,Total Caseload,"39,517"
10/1/2010,Alberta,Total Caseload,Total Caseload,"38,885"
11/1/2010,Alberta,Total Caseload,Total Caseload,"38,712"
12/1/2010,Alberta,Total Caseload,Total Caseload,"39,006"
1/1/2011,Alberta,Total Caseload,Total Caseload,"39,153"
2/1/2011,Alberta,Total Caseload,Total Caseload,"38,760"
3/1/2011,Alberta,Total Caseload,Total Caseload,"38,952"
4/1/2011,Alberta,Total Caseload,Total Caseload,"38,677"
5/1/2011,Alberta,Total Caseload,Total Caseload,"38,386"
6/1/2011,Alberta,Total Caseload,Total Caseload,"38,016"
7/1/2011,Alberta,Total Caseload,Total Caseload,"36,815"
8/1/2011,Alberta,Total Caseload,Total Caseload,"36,067"
9/1/2011,Alberta,Total Caseload,Total Caseload,"35,398"
10/1/2011,Alberta,Total Caseload,Total Caseload,"34,536"
11/1/2011,Alberta,Total Caseload,Total Caseload,"34,446"
12/1/2011,Alberta,Total Caseload,Total Caseload,"34,537"
1/1/2012,Alberta,Total Caseload,Total Caseload,"34,882"
2/1/2012,Alberta,Total Caseload,Total Caseload,"34,910"
3/1/2012,Alberta,Total Caseload,Total Caseload,"34,848"
4/1/2012,Alberta,Client Type Level,ETW - Working Total,"2,818"
4/1/2012,Alberta,Client Type Level,ETW - Not Working (Available for Work) Total,"7,240"
4/1/2012,Alberta,Client Type Level,ETW - Not Working (Unavailable for Work) Total,"8,482"
4/1/2012,Alberta,Client Type Level,BFE - Total,"15,971"
4/1/2012,Alberta,Client Type Level,Client Caseload Total,"34,511"
4/1/2012,Alberta,Family Composition,Single Total,"21,318"
4/1/2012,Alberta,Family Composition,Single Parent Total,"10,759"
4/1/2012,Alberta,Family Composition,Couples with Children Total,"1,511"
4/1/2012,Alberta,Family Composition,Childless Couples Total,923
4/1/2012,Alberta,Family Composition,All Types Total,"34,511"
5/1/2012,Alberta,Client Type Level,ETW - Working Total,"2,942"
5/1/2012,Alberta,Client Type Level,ETW - Not Working (Available for Work) Total,"7,038"
5/1/2012,Alberta,Client Type Level,ETW - Not Working (Unavailable for Work) Total,"8,440"
5/1/2012,Alberta,Client Type Level,BFE - Total,"16,131"
5/1/2012,Alberta,Client Type Level,Client Caseload Total,"34,551"
5/1/2012,Alberta,Family Composition,Single Total,"21,232"
5/1/2012,Alberta,Family Composition,Single Parent Total,"10,888"
5/1/2012,Alberta,Family Composition,Couples with Children Total,"1,516"
5/1/2012,Alberta,Family Composition,Childless Couples Total,915
5/1/2012,Alberta,Family Composition,All Types Total,"34,551"
6/1/2012,Alberta,Client Type Level,ETW - Working Total,"2,751"
6/1/2012,Alberta,Client Type Level,ETW - Not Working (Available for Work) Total,"6,930"
6/1/2012,Alberta,Client Type Level,ETW - Not Working (Unavailable for Work) Total,"8,469"
6/1/2012,Alberta,Client Type Level,BFE - Total,"16,140"
6/1/2012,Alberta,Client Type Level,Client Caseload Total,"34,290"
6/1/2012,Alberta,Family Composition,Single Total,"21,067"
6/1/2012,Alberta,Family Composition,Single Parent Total,"10,860"
6/1/2012,Alberta,Family Composition,Couples with Children Total,"1,462"
6/1/2012,Alberta,Family Composition,Childless Couples Total,901
6/1/2012,Alberta,Family Composition,All Types Total,"34,290"
7/1/2012,Alberta,Client Type Level,ETW - Working Total,"2,621"
7/1/2012,Alberta,Client Type Level,ETW - Not Working (Available for Work) Total,"6,622"
7/1/2012,Alberta,Client Type Level,ETW - Not Working (Unavailable for Work) Total,"8,533"
7/1/2012,Alberta,Client Type Level,BFE - Total,"16,276"
7/1/2012,Alberta,Client Type Level,Client Caseload Total,"34,052"
7/1/2012,Alberta,Family Composition,Single Total,"20,941"
7/1/2012,Alberta,Family Composition,Single Parent Total,"10,825"
7/1/2012,Alberta,Family Composition,Couples with Children Total,"1,408"
7/1/2012,Alberta,Family Composition,Childless Couples Total,878
7/1/2012,Alberta,Family Composition,All Types Total,"34,052"
8/1/2012,Alberta,Client Type Level,ETW - Working Total,"2,784"
8/1/2012,Alberta,Client Type Level,ETW - Not Working (Available for Work) Total,"6,544"
8/1/2012,Alberta,Client Type Level,ETW - Not Working (Unavailable for Work) Total,"8,527"
8/1/2012,Alberta,Client Type Level,BFE - Total,"16,489"
8/1/2012,Alberta,Client Type Level,Client Caseload Total,"34,344"
8/1/2012,Alberta,Family Composition,Single Total,"21,063"
8/1/2012,Alberta,Family Composition,Single Parent Total,"10,977"
8/1/2012,Alberta,Family Composition,Couples with Children Total,"1,424"
8/1/2012,Alberta,Family Composition,Childless Couples Total,880
8/1/2012,Alberta,Family Composition,All Types Total,"34,344"
9/1/2012,Alberta,Client Type Level,ETW - Working Total,"2,661"
9/1/2012,Alberta,Client Type Level,ETW - Not Working (Available for Work) Total,"6,270"
9/1/2012,Alberta,Client Type Level,ETW - Not Working (Unavailable for Work) Total,"8,390"
9/1/2012,Alberta,Client Type Level,BFE - Total,"16,473"
9/1/2012,Alberta,Client Type Level,Client Caseload Total,"33,794"
9/1/2012,Alberta,Family Composition,Single Total,"20,825"
9/1/2012,Alberta,Family Composition,Single Parent Total,"10,786"
9/1/2012,Alberta,Family Composition,Couples with Children Total,"1,340"
9/1/2012,Alberta,Family Composition,Childless Couples Total,843
9/1/2012,Alberta,Family Composition,All Types Total,"33,794"
10/1/2012,Alberta,Client Type Level,ETW - Working Total,"2,556"
10/1/2012,Alberta,Client Type Level,ETW - Not Working (Available for Work) Total,"6,068"
10/1/2012,Alberta,Client Type Level,ETW - Not Working (Unavailable for Work) Total,"8,420"
10/1/2012,Alberta,Client Type Level,BFE - Total,"16,604"
10/1/2012,Alberta,Client Type Level,Client Caseload Total,"33,648"
10/1/2012,Alberta,Family Composition,Single Total,"20,952"
10/1/2012,Alberta,Family Composition,Single Parent Total,"10,541"
10/1/2012,Alberta,Family Composition,Couples with Children Total,"1,303"
10/1/2012,Alberta,Family Composition,Childless Couples Total,852
10/1/2012,Alberta,Family Composition,All Types Total,"33,648"
11/1/2012,Alberta,Client Type Level,ETW - Working Total,"2,641"
11/1/2012,Alberta,Client Type Level,ETW - Not Working (Available for Work) Total,"6,090"
11/1/2012,Alberta,Client Type Level,ETW - Not Working (Unavailable for Work) Total,"8,501"
11/1/2012,Alberta,Client Type Level,BFE - Total,"16,726"
11/1/2012,Alberta,Client Type Level,Client Caseload Total,"33,958"
11/1/2012,Alberta,Family Composition,Single Total,"21,281"
11/1/2012,Alberta,Family Composition,Single Parent Total,"10,462"
11/1/2012,Alberta,Family Composition,Couples with Children Total,"1,330"
11/1/2012,Alberta,Family Composition,Childless Couples Total,885
11/1/2012,Alberta,Family Composition,All Types Total,"33,958"
12/1/2012,Alberta,Client Type Level,ETW - Working Total,"2,491"
12/1/2012,Alberta,Client Type Level,ETW - Not Working (Available for Work) Total,"6,318"
12/1/2012,Alberta,Client Type Level,ETW - Not Working (Unavailable for Work) Total,"8,590"
12/1/2012,Alberta,Client Type Level,BFE - Total,"16,692"
12/1/2012,Alberta,Client Type Level,Client Caseload Total,"34,091"
12/1/2012,Alberta,Family Composition,Single Total,"21,468"
12/1/2012,Alberta,Family Composition,Single Parent Total,"10,369"
12/1/2012,Alberta,Family Composition,Couples with Children Total,"1,348"
12/1/2012,Alberta,Family Composition,Childless Couples Total,906
12/1/2012,Alberta,Family Composition,All Types Total,"34,091"
1/1/2013,Alberta,Client Type Level,ETW - Working Total,"2,607"
1/1/2013,Alberta,Client Type Level,ETW - Not Working (Available for Work) Total,"6,716"
1/1/2013,Alberta,Client Type Level,ETW - Not Working (Unavailable for Work) Total,"8,660"
1/1/2013,Alberta,Client Type Level,BFE - Total,"16,790"
1/1/2013,Alberta,Client Type Level,Client Caseload Total,"34,773"
1/1/2013,Alberta,Family Composition,Single Total,"21,998"
1/1/2013,Alberta,Family Composition,Single Parent Total,"10,458"
1/1/2013,Alberta,Family Composition,Couples with Children Total,"1,400"
1/1/2013,Alberta,Family Composition,Childless Couples Total,917
1/1/2013,Alberta,Family Composition,All Types Total,"34,773"
2/1/2013,Alberta,Client Type Level,ETW - Working Total,"2,660"
2/1/2013,Alberta,Client Type Level,ETW - Not Working (Available for Work) Total,"6,570"
2/1/2013,Alberta,Client Type Level,ETW - Not Working (Unavailable for Work) Total,"8,441"
2/1/2013,Alberta,Client Type Level,BFE - Total,"16,912"
2/1/2013,Alberta,Client Type Level,Client Caseload Total,"34,583"
2/1/2013,Alberta,Family Composition,Single Total,"22,055"
2/1/2013,Alberta,Family Composition,Single Parent Total,"10,292"
2/1/2013,Alberta,Family Composition,Couples with Children Total,"1,360"
2/1/2013,Alberta,Family Composition,Childless Couples Total,876
2/1/2013,Alberta,Family Composition,All Types Total,"34,583"
3/1/2013,Alberta,Client Type Level,ETW - Working Total,"2,625"
3/1/2013,Alberta,Client Type Level,ETW - Not Working (Available for Work) Total,"6,368"
3/1/2013,Alberta,Client Type Level,ETW - Not Working (Unavailable for Work) Total,"8,277"
3/1/2013,Alberta,Client Type Level,BFE - Total,"16,958"
3/1/2013,Alberta,Client Type Level,Client Caseload Total,"34,228"
3/1/2013,Alberta,Family Composition,Single Total,"21,929"
3/1/2013,Alberta,Family Composition,Single Parent Total,"10,086"
3/1/2013,Alberta,Family Composition,Couples with Children Total,"1,340"
3/1/2013,Alberta,Family Composition,Childless Couples Total,873
3/1/2013,Alberta,Family Composition,All Types Total,"34,228"
4/1/2013,Alberta,Client Type Level,ETW - Working Total,"2,647"
4/1/2013,Alberta,Client Type Level,ETW - Not Working (Available for Work) Total,"6,171"
4/1/2013,Alberta,Client Type Level,ETW - Not Working (Unavailable for Work) Total,"8,191"
4/1/2013,Alberta,Client Type Level,BFE - Total,"17,009"
4/1/2013,Alberta,Client Type Level,Client Caseload Total,"34,018"
4/1/2013,Alberta,Family Composition,Single Total,"21,867"
4/1/2013,Alberta,Family Composition,Single Parent Total,"9,982"
4/1/2013,Alberta,Family Composition,Couples with Children Total,"1,317"
4/1/2013,Alberta,Family Composition,Childless Couples Total,852
4/1/2013,Alberta,Family Composition,All Types Total,"34,018"
5/1/2013,Alberta,Client Type Level,ETW - Working Total,"2,655"
5/1/2013,Alberta,Client Type Level,ETW - Not Working (Available for Work) Total,"6,100"
5/1/2013,Alberta,Client Type Level,ETW - Not Working (Unavailable for Work) Total,"8,146"
5/1/2013,Alberta,Client Type Level,BFE - Total,"17,126"
5/1/2013,Alberta,Client Type Level,Client Caseload Total,"34,027"
5/1/2013,Alberta,Family Composition,Single Total,"21,894"
5/1/2013,Alberta,Family Composition,Single Parent Total,"10,009"
5/1/2013,Alberta,Family Composition,Couples with Children Total,"1,289"
5/1/2013,Alberta,Family Composition,Childless Couples Total,835
5/1/2013,Alberta,Family Composition,All Types Total,"34,027"
6/1/2013,Alberta,Client Type Level,ETW - Working Total,"2,384"
6/1/2013,Alberta,Client Type Level,ETW - Not Working (Available for Work) Total,"5,946"
6/1/2013,Alberta,Client Type Level,ETW - Not Working (Unavailable for Work) Total,"8,082"
6/1/2013,Alberta,Client Type Level,BFE - Total,"17,081"
6/1/2013,Alberta,Client Type Level,Client Caseload Total,"33,493"
6/1/2013,Alberta,Family Composition,Single Total,"21,539"
6/1/2013,Alberta,Family Composition,Single Parent Total,"9,950"
6/1/2013,Alberta,Family Composition,Couples with Children Total,"1,224"
6/1/2013,Alberta,Family Composition,Childless Couples Total,780
6/1/2013,Alberta,Family Composition,All Types Total,"33,493"
7/1/2013,Alberta,Client Type Level,ETW - Working Total,"2,386"
7/1/2013,Alberta,Client Type Level,ETW - Not Working (Available for Work) Total,"5,790"
7/1/2013,Alberta,Client Type Level,ETW - Not Working (Unavailable for Work) Total,"8,179"
7/1/2013,Alberta,Client Type Level,BFE - Total,"17,142"
7/1/2013,Alberta,Client Type Level,Client Caseload Total,"33,497"
7/1/2013,Alberta,Family Composition,Single Total,"21,458"
7/1/2013,Alberta,Family Composition,Single Parent Total,"9,988"
7/1/2013,Alberta,Family Composition,Couples with Children Total,"1,234"
7/1/2013,Alberta,Family Composition,Childless Couples Total,817
7/1/2013,Alberta,Family Composition,All Types Total,"33,497"
8/1/2013,Alberta,Client Type Level,ETW - Working Total,"2,443"
8/1/2013,Alberta,Client Type Level,ETW - Not Working (Available for Work) Total,"5,770"
8/1/2013,Alberta,Client Type Level,ETW - Not Working (Unavailable for Work) Total,"8,087"
8/1/2013,Alberta,Client Type Level,BFE - Total,"17,142"
8/1/2013,Alberta,Client Type Level,Client Caseload Total,"33,442"
8/1/2013,Alberta,Family Composition,Single Total,"21,435"
8/1/2013,Alberta,Family Composition,Single Parent Total,"9,980"
8/1/2013,Alberta,Family Composition,Couples with Children Total,"1,237"
8/1/2013,Alberta,Family Composition,Childless Couples Total,790
8/1/2013,Alberta,Family Composition,All Types Total,"33,442"
9/1/2013,Alberta,Client Type Level,ETW - Working Total,"2,365"
9/1/2013,Alberta,Client Type Level,ETW - Not Working (Available for Work) Total,"5,540"
9/1/2013,Alberta,Client Type Level,ETW - Not Working (Unavailable for Work) Total,"7,951"
9/1/2013,Alberta,Client Type Level,BFE - Total,"17,055"
9/1/2013,Alberta,Client Type Level,Client Caseload Total,"32,911"
9/1/2013,Alberta,Family Composition,Single Total,"21,137"
9/1/2013,Alberta,Family Composition,Single Parent Total,"9,792"
9/1/2013,Alberta,Family Composition,Couples with Children Total,"1,211"
9/1/2013,Alberta,Family Composition,Childless Couples Total,771
9/1/2013,Alberta,Family Composition,All Types Total,"32,911"
10/1/2013,Alberta,Client Type Level,ETW - Working Total,"2,321"
10/1/2013,Alberta,Client Type Level,ETW - Not Working (Available for Work) Total,"5,474"
10/1/2013,Alberta,Client Type Level,ETW - Not Working (Unavailable for Work) Total,"7,816"
10/1/2013,Alberta,Client Type Level,BFE - Total,"17,048"
10/1/2013,Alberta,Client Type Level,Client Caseload Total,"32,659"
10/1/2013,Alberta,Family Composition,Single Total,"21,071"
10/1/2013,Alberta,Family Composition,Single Parent Total,"9,587"
10/1/2013,Alberta,Family Composition,Couples with Children Total,"1,240"
10/1/2013,Alberta,Family Composition,Childless Couples Total,761
10/1/2013,Alberta,Family Composition,All Types Total,"32,659"
11/1/2013,Alberta,Client Type Level,ETW - Working Total,"2,286"
11/1/2013,Alberta,Client Type Level,ETW - Not Working (Available for Work) Total,"5,425"
11/1/2013,Alberta,Client Type Level,ETW - Not Working (Unavailable for Work) Total,"7,973"
11/1/2013,Alberta,Client Type Level,BFE - Total,"16,997"
11/1/2013,Alberta,Client Type Level,Client Caseload Total,"32,681"
11/1/2013,Alberta,Family Composition,Single Total,"21,204"
11/1/2013,Alberta,Family Composition,Single Parent Total,"9,478"
11/1/2013,Alberta,Family Composition,Couples with Children Total,"1,226"
11/1/2013,Alberta,Family Composition,Childless Couples Total,773
11/1/2013,Alberta,Family Composition,All Types Total,"32,681"
12/1/2013,Alberta,Client Type Level,ETW - Working Total,"2,059"
12/1/2013,Alberta,Client Type Level,ETW - Not Working (Available for Work) Total,"5,563"
12/1/2013,Alberta,Client Type Level,ETW - Not Working (Unavailable for Work) Total,"8,174"
12/1/2013,Alberta,Client Type Level,BFE - Total,"17,006"
12/1/2013,Alberta,Client Type Level,Client Caseload Total,"32,802"
12/1/2013,Alberta,Family Composition,Single Total,"21,341"
12/1/2013,Alberta,Family Composition,Single Parent Total,"9,392"
12/1/2013,Alberta,Family Composition,Couples with Children Total,"1,261"
12/1/2013,Alberta,Family Composition,Childless Couples Total,808
12/1/2013,Alberta,Family Composition,All Types Total,"32,802"
1/1/2014,Alberta,Client Type Level,ETW - Working Total,"2,096"
1/1/2014,Alberta,Client Type Level,ETW - Not Working (Available for Work) Total,"6,106"
1/1/2014,Alberta,Client Type Level,ETW - Not Working (Unavailable for Work) Total,"8,185"
1/1/2014,Alberta,Client Type Level,BFE - Total,"17,082"
1/1/2014,Alberta,Client Type Level,Client Caseload Total,"33,469"
1/1/2014,Alberta,Family Composition,Single Total,"21,857"
1/1/2014,Alberta,Family Composition,Single Parent Total,"9,512"
1/1/2014,Alberta,Family Composition,Couples with Children Total,"1,290"
1/1/2014,Alberta,Family Composition,Childless Couples Total,810
1/1/2014,Alberta,Family Composition,All Types Total,"33,469"
2/1/2014,Alberta,Client Type Level,ETW - Working Total,"2,177"
2/1/2014,Alberta,Client Type Level,ETW - Not Working (Available for Work) Total,"6,073"
2/1/2014,Alberta,Client Type Level,ETW - Not Working (Unavailable for Work) Total,"8,035"
2/1/2014,Alberta,Client Type Level,BFE - Total,"17,058"
2/1/2014,Alberta,Client Type Level,Client Caseload Total,"33,343"
2/1/2014,Alberta,Family Composition,Single Total,"21,970"
2/1/2014,Alberta,Family Composition,Single Parent Total,"9,315"
2/1/2014,Alberta,Family Composition,Couples with Children Total,"1,267"
2/1/2014,Alberta,Family Composition,Childless Couples Total,791
2/1/2014,Alberta,Family Composition,All Types Total,"33,343"
3/1/2014,Alberta,Client Type Level,ETW - Working Total,"2,185"
3/1/2014,Alberta,Client Type Level,ETW - Not Working (Available for Work) Total,"6,126"
3/1/2014,Alberta,Client Type Level,ETW - Not Working (Unavailable for Work) Total,"8,024"
3/1/2014,Alberta,Client Type Level,BFE - Total,"17,124"
3/1/2014,Alberta,Client Type Level,Client Caseload Total,"33,459"
3/1/2014,Alberta,Family Composition,Single Total,"22,132"
3/1/2014,Alberta,Family Composition,Single Parent Total,"9,285"
3/1/2014,Alberta,Family Composition,Couples with Children Total,"1,262"
3/1/2014,Alberta,Family Composition,Childless Couples Total,780
3/1/2014,Alberta,Family Composition,All Types Total,"33,459"
4/1/2014,Alberta,Client Type Level,ETW - Working Total,"2,286"
4/1/2014,Alberta,Client Type Level,ETW - Not Working (Available for Work) Total,"6,016"
4/1/2014,Alberta,Client Type Level,ETW - Not Working (Unavailable for Work) Total,"7,975"
4/1/2014,Alberta,Client Type Level,BFE - Total,"17,220"
4/1/2014,Alberta,Client Type Level,Client Caseload Total,"33,497"
4/1/2014,Alberta,Family Composition,Single Total,"22,196"
4/1/2014,Alberta,Family Composition,Single Parent Total,"9,237"
4/1/2014,Alberta,Family Composition,Couples with Children Total,"1,272"
4/1/2014,Alberta,Family Composition,Childless Couples Total,792
4/1/2014,Alberta,Family Composition,All Types Total,"33,497"
5/1/2014,Alberta,Client Type Level,ETW - Working Total,"2,445"
5/1/2014,Alberta,Client Type Level,ETW - Not Working (Available for Work) Total,"5,987"
5/1/2014,Alberta,Client Type Level,ETW - Not Working (Unavailable for Work) Total,"8,065"
5/1/2014,Alberta,Client Type Level,BFE - Total,"17,344"
5/1/2014,Alberta,Client Type Level,Client Caseload Total,"33,841"
5/1/2014,Alberta,Family Composition,Single Total,"22,325"
5/1/2014,Alberta,Family Composition,Single Parent Total,"9,446"
5/1/2014,Alberta,Family Composition,Couples with Children Total,"1,278"
5/1/2014,Alberta,Family Composition,Childless Couples Total,792
5/1/2014,Alberta,Family Composition,All Types Total,"33,841"
6/1/2014,Alberta,Client Type Level,ETW - Working Total,"2,328"
6/1/2014,Alberta,Client Type Level,ETW - Not Working (Available for Work) Total,"5,885"
6/1/2014,Alberta,Client Type Level,ETW - Not Working (Unavailable for Work) Total,"8,044"
6/1/2014,Alberta,Client Type Level,BFE - Total,"17,363"
6/1/2014,Alberta,Client Type Level,Client Caseload Total,"33,620"
6/1/2014,Alberta,Family Composition,Single Total,"22,146"
6/1/2014,Alberta,Family Composition,Single Parent Total,"9,446"
6/1/2014,Alberta,Family Composition,Couples with Children Total,"1,246"
6/1/2014,Alberta,Family Composition,Childless Couples Total,782
6/1/2014,Alberta,Family Composition,All Types Total,"33,620"
7/1/2014,Alberta,Client Type Level,ETW - Working Total,"2,276"
7/1/2014,Alberta,Client Type Level,ETW - Not Working (Available for Work) Total,"5,820"
7/1/2014,Alberta,Client Type Level,ETW - Not Working (Unavailable for Work) Total,"7,978"
7/1/2014,Alberta,Client Type Level,BFE - Total,"17,448"
7/1/2014,Alberta,Client Type Level,Client Caseload Total,"33,522"
7/1/2014,Alberta,Family Composition,Single Total,"22,037"
7/1/2014,Alberta,Family Composition,Single Parent Total,"9,466"
7/1/2014,Alberta,Family Composition,Couples with Children Total,"1,230"
7/1/2014,Alberta,Family Composition,Childless Couples Total,789
7/1/2014,Alberta,Family Composition,All Types Total,"33,522"
8/1/2014,Alberta,Client Type Level,ETW - Working Total,"2,238"
8/1/2014,Alberta,Client Type Level,ETW - Not Working (Available for Work) Total,"5,894"
8/1/2014,Alberta,Client Type Level,ETW - Not Working (Unavailable for Work) Total,"7,882"
8/1/2014,Alberta,Client Type Level,BFE - Total,"17,411"
8/1/2014,Alberta,Client Type Level,Client Caseload Total,"33,425"
8/1/2014,Alberta,Family Composition,Single Total,"21,947"
8/1/2014,Alberta,Family Composition,Single Parent Total,"9,472"
8/1/2014,Alberta,Family Composition,Couples with Children Total,"1,221"
8/1/2014,Alberta,Family Composition,Childless Couples Total,785
8/1/2014,Alberta,Family Composition,All Types Total,"33,425"
9/1/2014,Alberta,Client Type Level,ETW - Working Total,"2,191"
9/1/2014,Alberta,Client Type Level,ETW - Not Working (Available for Work) Total,"5,746"
9/1/2014,Alberta,Client Type Level,ETW - Not Working (Unavailable for Work) Total,"7,933"
9/1/2014,Alberta,Client Type Level,BFE - Total,"17,392"
9/1/2014,Alberta,Client Type Level,Client Caseload Total,"33,262"
9/1/2014,Alberta,Family Composition,Single Total,"21,853"
9/1/2014,Alberta,Family Composition,Single Parent Total,"9,400"
9/1/2014,Alberta,Family Composition,Couples with Children Total,"1,208"
9/1/2014,Alberta,Family Composition,Childless Couples Total,801
9/1/2014,Alberta,Family Composition,All Types Total,"33,262"
10/1/2014,Alberta,Client Type Level,ETW - Working Total,"2,183"
10/1/2014,Alberta,Client Type Level,ETW - Not Working (Available for Work) Total,"5,676"
10/1/2014,Alberta,Client Type Level,ETW - Not Working (Unavailable for Work) Total,"7,929"
10/1/2014,Alberta,Client Type Level,BFE - Total,"17,398"
10/1/2014,Alberta,Client Type Level,Client Caseload Total,"33,186"
10/1/2014,Alberta,Family Composition,Single Total,"21,952"
10/1/2014,Alberta,Family Composition,Single Parent Total,"9,241"
10/1/2014,Alberta,Family Composition,Couples with Children Total,"1,183"
10/1/2014,Alberta,Family Composition,Childless Couples Total,810
10/1/2014,Alberta,Family Composition,All Types Total,"33,186"
11/1/2014,Alberta,Client Type Level,ETW - Working Total,"2,152"
11/1/2014,Alberta,Client Type Level,ETW - Not Working (Available for Work) Total,"5,814"
11/1/2014,Alberta,Client Type Level,ETW - Not Working (Unavailable for Work) Total,"7,935"
11/1/2014,Alberta,Client Type Level,BFE - Total,"17,348"
11/1/2014,Alberta,Client Type Level,Client Caseload Total,"33,249"
11/1/2014,Alberta,Family Composition,Single Total,"22,127"
11/1/2014,Alberta,Family Composition,Single Parent Total,"9,149"
11/1/2014,Alberta,Family Composition,Couples with Children Total,"1,175"
11/1/2014,Alberta,Family Composition,Childless Couples Total,798
11/1/2014,Alberta,Family Composition,All Types Total,"33,249"
12/1/2014,Alberta,Client Type Level,ETW - Working Total,"1,988"
12/1/2014,Alberta,Client Type Level,ETW - Not Working (Available for Work) Total,"6,038"
12/1/2014,Alberta,Client Type Level,ETW - Not Working (Unavailable for Work) Total,"8,102"
12/1/2014,Alberta,Client Type Level,BFE - Total,"17,328"
12/1/2014,Alberta,Client Type Level,Client Caseload Total,"33,456"
12/1/2014,Alberta,Family Composition,Single Total,"22,290"
12/1/2014,Alberta,Family Composition,Single Parent Total,"9,136"
12/1/2014,Alberta,Family Composition,Couples with Children Total,"1,208"
12/1/2014,Alberta,Family Composition,Childless Couples Total,822
12/1/2014,Alberta,Family Composition,All Types Total,"33,456"
1/1/2015,Alberta,Client Type Level,ETW - Working Total,"2,046"
1/1/2015,Alberta,Client Type Level,ETW - Not Working (Available for Work) Total,"6,678"
1/1/2015,Alberta,Client Type Level,ETW - Not Working (Unavailable for Work) Total,"8,258"
1/1/2015,Alberta,Client Type Level,BFE - Total,"17,432"
1/1/2015,Alberta,Client Type Level,Client Caseload Total,"34,414"
1/1/2015,Alberta,Family Composition,Single Total,"22,995"
1/1/2015,Alberta,Family Composition,Single Parent Total,"9,314"
1/1/2015,Alberta,Family Composition,Couples with Children Total,"1,260"
1/1/2015,Alberta,Family Composition,Childless Couples Total,845
1/1/2015,Alberta,Family Composition,All Types Total,"34,414"
2/1/2015,Alberta,Client Type Level,ETW - Working Total,"2,070"
2/1/2015,Alberta,Client Type Level,ETW - Not Working (Available for Work) Total,"6,934"
2/1/2015,Alberta,Client Type Level,ETW - Not Working (Unavailable for Work) Total,"8,321"
2/1/2015,Alberta,Client Type Level,BFE - Total,"17,306"
2/1/2015,Alberta,Client Type Level,Client Caseload Total,"34,631"
2/1/2015,Alberta,Family Composition,Single Total,"23,245"
2/1/2015,Alberta,Family Composition,Single Parent Total,"9,275"
2/1/2015,Alberta,Family Composition,Couples with Children Total,"1,247"
2/1/2015,Alberta,Family Composition,Childless Couples Total,864
2/1/2015,Alberta,Family Composition,All Types Total,"34,631"
3/1/2015,Alberta,Client Type Level,ETW - Working Total,"2,106"
3/1/2015,Alberta,Client Type Level,ETW - Not Working (Available for Work) Total,"7,126"
3/1/2015,Alberta,Client Type Level,ETW - Not Working (Unavailable for Work) Total,"8,620"
3/1/2015,Alberta,Client Type Level,BFE - Total,"17,316"
3/1/2015,Alberta,Client Type Level,Client Caseload Total,"35,168"
3/1/2015,Alberta,Family Composition,Single Total,"23,586"
3/1/2015,Alberta,Family Composition,Single Parent Total,"9,424"
3/1/2015,Alberta,Family Composition,Couples with Children Total,"1,283"
3/1/2015,Alberta,Family Composition,Childless Couples Total,875
3/1/2015,Alberta,Family Composition,All Types Total,"35,168"
4/1/2015,Alberta,Client Type Level,ETW - Working Total,"2,152"
4/1/2015,Alberta,Client Type Level,ETW - Not Working (Available for Work) Total,"7,142"
4/1/2015,Alberta,Client Type Level,ETW - Not Working (Unavailable for Work) Total,"8,681"
4/1/2015,Alberta,Client Type Level,BFE - Total,"17,310"
4/1/2015,Alberta,Client Type Level,Client Caseload Total,"35,285"
4/1/2015,Alberta,Family Composition,Single Total,"23,663"
4/1/2015,Alberta,Family Composition,Single Parent Total,"9,447"
4/1/2015,Alberta,Family Composition,Couples with Children Total,"1,310"
4/1/2015,Alberta,Family Composition,Childless Couples Total,865
4/1/2015,Alberta,Family Composition,All Types Total,"35,285"
5/1/2015,Alberta,Client Type Level,ETW - Working Total,"2,268"
5/1/2015,Alberta,Client Type Level,ETW - Not Working (Available for Work) Total,"7,222"
5/1/2015,Alberta,Client Type Level,ETW - Not Working (Unavailable for Work) Total,"8,805"
5/1/2015,Alberta,Client Type Level,BFE - Total,"17,308"
5/1/2015,Alberta,Client Type Level,Client Caseload Total,"35,603"
5/1/2015,Alberta,Family Composition,Single Total,"23,723"
5/1/2015,Alberta,Family Composition,Single Parent Total,"9,714"
5/1/2015,Alberta,Family Composition,Couples with Children Total,"1,306"
5/1/2015,Alberta,Family Composition,Childless Couples Total,860
5/1/2015,Alberta,Family Composition,All Types Total,"35,603"
6/1/2015,Alberta,Client Type Level,ETW - Working Total,"2,262"
6/1/2015,Alberta,Client Type Level,ETW - Not Working (Available for Work) Total,"7,353"
6/1/2015,Alberta,Client Type Level,ETW - Not Working (Unavailable for Work) Total,"9,081"
6/1/2015,Alberta,Client Type Level,BFE - Total,"17,331"
6/1/2015,Alberta,Client Type Level,Client Caseload Total,"36,027"
6/1/2015,Alberta,Family Composition,Single Total,"23,944"
6/1/2015,Alberta,Family Composition,Single Parent Total,"9,881"
6/1/2015,Alberta,Family Composition,Couples with Children Total,"1,341"
6/1/2015,Alberta,Family Composition,Childless Couples Total,861
6/1/2015,Alberta,Family Composition,All Types Total,"36,027"
7/1/2015,Alberta,Client Type Level,ETW - Working Total,"2,215"
7/1/2015,Alberta,Client Type Level,ETW - Not Working (Available for Work) Total,"7,541"
7/1/2015,Alberta,Client Type Level,ETW - Not Working (Unavailable for Work) Total,"9,148"
7/1/2015,Alberta,Client Type Level,BFE - Total,"17,471"
7/1/2015,Alberta,Client Type Level,Client Caseload Total,"36,375"
7/1/2015,Alberta,Family Composition,Single Total,"24,168"
7/1/2015,Alberta,Family Composition,Single Parent Total,"9,956"
7/1/2015,Alberta,Family Composition,Couples with Children Total,"1,377"
7/1/2015,Alberta,Family Composition,Childless Couples Total,874
7/1/2015,Alberta,Family Composition,All Types Total,"36,375"
8/1/2015,Alberta,Client Type Level,ETW - Working Total,"2,115"
8/1/2015,Alberta,Client Type Level,ETW - Not Working (Available for Work) Total,"7,748"
8/1/2015,Alberta,Client Type Level,ETW - Not Working (Unavailable for Work) Total,"9,071"
8/1/2015,Alberta,Client Type Level,BFE - Total,"17,570"
8/1/2015,Alberta,Client Type Level,Client Caseload Total,"36,504"
8/1/2015,Alberta,Family Composition,Single Total,"24,349"
8/1/2015,Alberta,Family Composition,Single Parent Total,"9,977"
8/1/2015,Alberta,Family Composition,Couples with Children Total,"1,335"
8/1/2015,Alberta,Family Composition,Childless Couples Total,843
8/1/2015,Alberta,Family Composition,All Types Total,"36,504"
9/1/2015,Alberta,Client Type Level,ETW - Working Total,"2,276"
9/1/2015,Alberta,Client Type Level,ETW - Not Working (Available for Work) Total,"7,984"
9/1/2015,Alberta,Client Type Level,ETW - Not Working (Unavailable for Work) Total,"9,229"
9/1/2015,Alberta,Client Type Level,BFE - Total,"17,657"
9/1/2015,Alberta,Client Type Level,Client Caseload Total,"37,146"
9/1/2015,Alberta,Family Composition,Single Total,"24,733"
9/1/2015,Alberta,Family Composition,Single Parent Total,"10,144"
9/1/2015,Alberta,Family Composition,Couples with Children Total,"1,374"
9/1/2015,Alberta,Family Composition,Childless Couples Total,895
9/1/2015,Alberta,Family Composition,All Types Total,"37,146"
10/1/2015,Alberta,Client Type Level,ETW - Working Total,"2,335"
10/1/2015,Alberta,Client Type Level,ETW - Not Working (Available for Work) Total,"8,202"
10/1/2015,Alberta,Client Type Level,ETW - Not Working (Unavailable for Work) Total,"9,512"
10/1/2015,Alberta,Client Type Level,BFE - Total,"17,824"
10/1/2015,Alberta,Client Type Level,Client Caseload Total,"37,873"
10/1/2015,Alberta,Family Composition,Single Total,"25,321"
10/1/2015,Alberta,Family Composition,Single Parent Total,"10,227"
10/1/2015,Alberta,Family Composition,Couples with Children Total,"1,421"
10/1/2015,Alberta,Family Composition,Childless Couples Total,904
10/1/2015,Alberta,Family Composition,All Types Total,"37,873"
11/1/2015,Alberta,Client Type Level,ETW - Working Total,"2,351"
11/1/2015,Alberta,Client Type Level,ETW - Not Working (Available for Work) Total,"8,852"
11/1/2015,Alberta,Client Type Level,ETW - Not Working (Unavailable for Work) Total,"9,867"
11/1/2015,Alberta,Client Type Level,BFE - Total,"17,982"
11/1/2015,Alberta,Client Type Level,Client Caseload Total,"39,052"
11/1/2015,Alberta,Family Composition,Single Total,"26,267"
11/1/2015,Alberta,Family Composition,Single Parent Total,"10,352"
11/1/2015,Alberta,Family Composition,Couples with Children Total,"1,484"
11/1/2015,Alberta,Family Composition,Childless Couples Total,949
11/1/2015,Alberta,Family Composition,All Types Total,"39,052"
12/1/2015,Alberta,Client Type Level,ETW - Working Total,"2,288"
12/1/2015,Alberta,Client Type Level,ETW - Not Working (Available for Work) Total,"9,854"
12/1/2015,Alberta,Client Type Level,ETW - Not Working (Unavailable for Work) Total,"10,296"
12/1/2015,Alberta,Client Type Level,BFE - Total,"17,986"
12/1/2015,Alberta,Client Type Level,Client Caseload Total,"40,424"
12/1/2015,Alberta,Family Composition,Single Total,"27,264"
12/1/2015,Alberta,Family Composition,Single Parent Total,"10,523"
12/1/2015,Alberta,Family Composition,Couples with Children Total,"1,625"
12/1/2015,Alberta,Family Composition,Childless Couples Total,"1,012"
12/1/2015,Alberta,Family Composition,All Types Total,"40,424"
1/1/2016,Alberta,Client Type Level,ETW - Working Total,"2,360"
1/1/2016,Alberta,Client Type Level,ETW - Not Working (Available for Work) Total,"11,436"
1/1/2016,Alberta,Client Type Level,ETW - Not Working (Unavailable for Work) Total,"10,683"
1/1/2016,Alberta,Client Type Level,BFE - Total,"18,094"
1/1/2016,Alberta,Client Type Level,Client Caseload Total,"42,573"
1/1/2016,Alberta,Family Composition,Single Total,"28,737"
1/1/2016,Alberta,Family Composition,Single Parent Total,"10,905"
1/1/2016,Alberta,Family Composition,Couples with Children Total,"1,833"
1/1/2016,Alberta,Family Composition,Childless Couples Total,"1,098"
1/1/2016,Alberta,Family Composition,All Types Total,"42,573"
2/1/2016,Alberta,Client Type Level,ETW - Working Total,"2,386"
2/1/2016,Alberta,Client Type Level,ETW - Not Working (Available for Work) Total,"12,070"
2/1/2016,Alberta,Client Type Level,ETW - Not Working (Unavailable for Work) Total,"10,873"
2/1/2016,Alberta,Client Type Level,BFE - Total,"18,308"
2/1/2016,Alberta,Client Type Level,Client Caseload Total,"43,637"
2/1/2016,Alberta,Family Composition,Single Total,"29,639"
2/1/2016,Alberta,Family Composition,Single Parent Total,"10,995"
2/1/2016,Alberta,Family Composition,Couples with Children Total,"1,870"
2/1/2016,Alberta,Family Composition,Childless Couples Total,"1,133"
2/1/2016,Alberta,Family Composition,All Types Total,"43,637"
3/1/2016,Alberta,Client Type Level,ETW - Working Total,"2,524"
3/1/2016,Alberta,Client Type Level,ETW - Not Working (Available for Work) Total,"13,370"
3/1/2016,Alberta,Client Type Level,ETW - Not Working (Unavailable for Work) Total,"11,277"
3/1/2016,Alberta,Client Type Level,BFE - Total,"18,556"
3/1/2016,Alberta,Client Type Level,Client Caseload Total,"45,727"
3/1/2016,Alberta,Family Composition,Single Total,"31,166"
3/1/2016,Alberta,Family Composition,Single Parent Total,"11,367"
3/1/2016,Alberta,Family Composition,Couples with Children Total,"1,989"
3/1/2016,Alberta,Family Composition,Childless Couples Total,"1,205"
3/1/2016,Alberta,Family Composition,All Types Total,"45,727"
4/1/2016,Alberta,Client Type Level,ETW - Working Total,"2,755"
4/1/2016,Alberta,Client Type Level,ETW - Not Working (Available for Work) Total,"14,108"
4/1/2016,Alberta,Client Type Level,ETW - Not Working (Unavailable for Work) Total,"11,578"
4/1/2016,Alberta,Client Type Level,BFE - Total,"18,871"
4/1/2016,Alberta,Client Type Level,Client Caseload Total,"47,312"
4/1/2016,Alberta,Family Composition,Single Total,"32,180"
4/1/2016,Alberta,Family Composition,Single Parent Total,"11,746"
4/1/2016,Alberta,Family Composition,Couples with Children Total,"2,112"
4/1/2016,Alberta,Family Composition,Childless Couples Total,"1,274"
4/1/2016,Alberta,Family Composition,All Types Total,"47,312"
5/1/2016,Alberta,Client Type Level,ETW - Working Total,"2,798"
5/1/2016,Alberta,Client Type Level,ETW - Not Working (Available for Work) Total,"14,424"
5/1/2016,Alberta,Client Type Level,ETW - Not Working (Unavailable for Work) Total,"11,634"
5/1/2016,Alberta,Client Type Level,BFE - Total,"19,341"
5/1/2016,Alberta,Client Type Level,Client Caseload Total,"48,197"
5/1/2016,Alberta,Family Composition,Single Total,"32,566"
5/1/2016,Alberta,Family Composition,Single Parent Total,"12,042"
5/1/2016,Alberta,Family Composition,Couples with Children Total,"2,237"
5/1/2016,Alberta,Family Composition,Childless Couples Total,"1,352"
5/1/2016,Alberta,Family Composition,All Types Total,"48,197"
6/1/2016,Alberta,Client Type Level,ETW - Working Total,"2,993"
6/1/2016,Alberta,Client Type Level,ETW - Not Working (Available for Work) Total,"15,102"
6/1/2016,Alberta,Client Type Level,ETW - Not Working (Unavailable for Work) Total,"11,838"
6/1/2016,Alberta,Client Type Level,BFE - Total,"19,409"
6/1/2016,Alberta,Client Type Level,Client Caseload Total,"49,342"
6/1/2016,Alberta,Family Composition,Single Total,"33,204"
6/1/2016,Alberta,Family Composition,Single Parent Total,"12,480"
6/1/2016,Alberta,Family Composition,Couples with Children Total,"2,296"
6/1/2016,Alberta,Family Composition,Childless Couples Total,"1,362"
6/1/2016,Alberta,Family Composition,All Types Total,"49,342"
7/1/2016,Alberta,Client Type Level,ETW - Working Total,"2,907"
7/1/2016,Alberta,Client Type Level,ETW - Not Working (Available for Work) Total,"15,264"
7/1/2016,Alberta,Client Type Level,ETW - Not Working (Unavailable for Work) Total,"11,954"
7/1/2016,Alberta,Client Type Level,BFE - Total,"19,377"
7/1/2016,Alberta,Client Type Level,Client Caseload Total,"49,502"
7/1/2016,Alberta,Family Composition,Single Total,"33,241"
7/1/2016,Alberta,Family Composition,Single Parent Total,"12,723"
7/1/2016,Alberta,Family Composition,Couples with Children Total,"2,202"
7/1/2016,Alberta,Family Composition,Childless Couples Total,"1,336"
7/1/2016,Alberta,Family Composition,All Types Total,"49,502"
8/1/2016,Alberta,Client Type Level,ETW - Working Total,"2,834"
8/1/2016,Alberta,Client Type Level,ETW - Not Working (Available for Work) Total,"15,044"
8/1/2016,Alberta,Client Type Level,ETW - Not Working (Unavailable for Work) Total,"12,026"
8/1/2016,Alberta,Client Type Level,BFE - Total,"19,452"
8/1/2016,Alberta,Client Type Level,Client Caseload Total,"49,356"
8/1/2016,Alberta,Family Composition,Single Total,"33,152"
8/1/2016,Alberta,Family Composition,Single Parent Total,"12,821"
8/1/2016,Alberta,Family Composition,Couples with Children Total,"2,097"
8/1/2016,Alberta,Family Composition,Childless Couples Total,"1,286"
8/1/2016,Alberta,Family Composition,All Types Total,"49,356"
9/1/2016,Alberta,Client Type Level,ETW - Working Total,"2,948"
9/1/2016,Alberta,Client Type Level,ETW - Not Working (Available for Work) Total,"15,311"
9/1/2016,Alberta,Client Type Level,ETW - Not Working (Unavailable for Work) Total,"12,126"
9/1/2016,Alberta,Client Type Level,BFE - Total,"19,413"
9/1/2016,Alberta,Client Type Level,Client Caseload Total,"49,798"
9/1/2016,Alberta,Family Composition,Single Total,"33,602"
9/1/2016,Alberta,Family Composition,Single Parent Total,"12,804"
9/1/2016,Alberta,Family Composition,Couples with Children Total,"2,099"
9/1/2016,Alberta,Family Composition,Childless Couples Total,"1,293"
9/1/2016,Alberta,Family Composition,All Types Total,"49,798"
10/1/2016,Alberta,Client Type Level,ETW - Working Total,"2,847"
10/1/2016,Alberta,Client Type Level,ETW - Not Working (Available for Work) Total,"15,493"
10/1/2016,Alberta,Client Type Level,ETW - Not Working (Unavailable for Work) Total,"12,139"
10/1/2016,Alberta,Client Type Level,BFE - Total,"19,375"
10/1/2016,Alberta,Client Type Level,Client Client Caseload Total,"49,854"
10/1/2016,Alberta,Family Composition,Single Total,"33,880"
10/1/2016,Alberta,Family Composition,Single Parent Total,"12,585"
10/1/2016,Alberta,Family Composition,Couples with Children Total,"2,091"
10/1/2016,Alberta,Family Composition,Childless Couples Total,"1,298"
10/1/2016,Alberta,Family Composition,All Types Total,"49,854"
11/1/2016,Alberta,Client Type Level,ETW - Working Total,"2,849"
11/1/2016,Alberta,Client Type Level,ETW - Not Working (Available for Work) Total,"16,485"
11/1/2016,Alberta,Client Type Level,ETW - Not Working (Unavailable for Work) Total,"12,226"
11/1/2016,Alberta,Client Type Level,BFE - Total,"19,561"
11/1/2016,Alberta,Client Type Level,Client Caseload Total,"51,121"
11/1/2016,Alberta,Family Composition,Single Total,"34,915"
11/1/2016,Alberta,Family Composition,Single Parent Total,"12,717"
11/1/2016,Alberta,Family Composition,Couples with Children Total,"2,167"
11/1/2016,Alberta,Family Composition,Childless Couples Total,"1,322"
11/1/2016,Alberta,Family Composition,All Types Total,"51,121"
12/1/2016,Alberta,Client Type Level,ETW - Working Total,"2,714"
12/1/2016,Alberta,Client Type Level,ETW - Not Working (Available for Work) Total,"17,619"
12/1/2016,Alberta,Client Type Level,ETW - Not Working (Unavailable for Work) Total,"12,342"
12/1/2016,Alberta,Client Type Level,BFE - Total,"19,709"
12/1/2016,Alberta,Client Type Level,Client Caseload Total,"52,384"
12/1/2016,Alberta,Family Composition,Single Total,"35,987"
12/1/2016,Alberta,Family Composition,Single Parent Total,"12,784"
12/1/2016,Alberta,Family Composition,Couples with Children Total,"2,253"
12/1/2016,Alberta,Family Composition,Childless Couples Total,"1,360"
12/1/2016,Alberta,Family Composition,All Types Total,"52,384"
1/1/2017,Alberta,Client Type Level,ETW - Working Total,"2,947"
1/1/2017,Alberta,Client Type Level,ETW - Not Working (Available for Work) Total,"19,039"
1/1/2017,Alberta,Client Type Level,ETW - Not Working (Unavailable for Work) Total,"12,572"
1/1/2017,Alberta,Client Type Level,BFE - Total,"19,816"
1/1/2017,Alberta,Client Type Level,Client Caseload Total,"54,374"
1/1/2017,Alberta,Family Composition,Single Total,"37,355"
1/1/2017,Alberta,Family Composition,Single Parent Total,"13,101"
1/1/2017,Alberta,Family Composition,Couples with Children Total,"2,480"
1/1/2017,Alberta,Family Composition,Childless Couples Total,"1,438"
1/1/2017,Alberta,Family Composition,All Types Total,"54,374"
2/1/2017,Alberta,Client Type Level,ETW - Working Total,"3,101"
2/1/2017,Alberta,Client Type Level,ETW - Not Working (Available for Work) Total,"19,101"
2/1/2017,Alberta,Client Type Level,ETW - Not Working (Unavailable for Work) Total,"12,684"
2/1/2017,Alberta,Client Type Level,BFE - Total,"19,951"
2/1/2017,Alberta,Client Type Level,Client Caseload Total,"54,837"
2/1/2017,Alberta,Family Composition,Single Total,"37,724"
2/1/2017,Alberta,Family Composition,Single Parent Total,"13,063"
2/1/2017,Alberta,Family Composition,Couples with Children Total,"2,606"
2/1/2017,Alberta,Family Composition,Childless Couples Total,"1,444"
2/1/2017,Alberta,Family Composition,All Types Total,"54,837"
3/1/2017,Alberta,Client Type Level,ETW - Working Total,"3,171"
3/1/2017,Alberta,Client Type Level,ETW - Not Working (Available for Work) Total,"19,020"
3/1/2017,Alberta,Client Type Level,ETW - Not Working (Unavailable for Work) Total,"12,932"
3/1/2017,Alberta,Client Type Level,BFE - Total,"20,249"
3/1/2017,Alberta,Client Type Level,Client Caseload Total,"55,372"
3/1/2017,Alberta,Family Composition,Single Total,"38,127"
3/1/2017,Alberta,Family Composition,Single Parent Total,"13,116"
3/1/2017,Alberta,Family Composition,Couples with Children Total,"2,674"
3/1/2017,Alberta,Family Composition,Childless Couples Total,"1,455"
3/1/2017,Alberta,Family Composition,All Types Total,"55,372"
4/1/2017,Alberta,Client Type Level,ETW - Working Total,"3,125"
4/1/2017,Alberta,Client Type Level,ETW - Not Working (Available for Work) Total,"18,644"
4/1/2017,Alberta,Client Type Level,ETW - Not Working (Unavailable for Work) Total,"13,088"
4/1/2017,Alberta,Client Type Level,BFE - Total,"20,231"
4/1/2017,Alberta,Client Type Level,Client Caseload Total,"55,088"
4/1/2017,Alberta,Family Composition,Single Total,"37,897"
4/1/2017,Alberta,Family Composition,Single Parent Total,"13,069"
4/1/2017,Alberta,Family Composition,Couples with Children Total,"2,663"
4/1/2017,Alberta,Family Composition,Childless Couples Total,"1,459"
4/1/2017,Alberta,Family Composition,All Types Total,"55,088"
5/1/2017,Alberta,Client Type Level,ETW - Working Total,"3,405"
5/1/2017,Alberta,Client Type Level,ETW - Not Working (Available for Work) Total,"18,539"
5/1/2017,Alberta,Client Type Level,ETW - Not Working (Unavailable for Work) Total,"13,261"
5/1/2017,Alberta,Client Type Level,BFE - Total,"20,401"
5/1/2017,Alberta,Client Type Level,Client Caseload Total,"55,606"
5/1/2017,Alberta,Family Composition,Single Total,"38,092"
5/1/2017,Alberta,Family Composition,Single Parent Total,"13,289"
5/1/2017,Alberta,Family Composition,Couples with Children Total,"2,744"
5/1/2017,Alberta,Family Composition,Childless Couples Total,"1,481"
5/1/2017,Alberta,Family Composition,All Types Total,"55,606"
6/1/2017,Alberta,Client Type Level,ETW - Working Total,"3,346"
6/1/2017,Alberta,Client Type Level,ETW - Not Working (Available for Work) Total,"18,343"
6/1/2017,Alberta,Client Type Level,ETW - Not Working (Unavailable for Work) Total,"13,188"
6/1/2017,Alberta,Client Type Level,BFE - Total,"20,674"
6/1/2017,Alberta,Client Type Level,Client Caseload Total,"55,551"
6/1/2017,Alberta,Family Composition,Single Total,"37,990"
6/1/2017,Alberta,Family Composition,Single Parent Total,"13,373"
6/1/2017,Alberta,Family Composition,Couples with Children Total,"2,733"
6/1/2017,Alberta,Family Composition,Childless Couples Total,"1,455"
6/1/2017,Alberta,Family Composition,All Types Total,"55,551"
7/1/2017,Alberta,Client Type Level,ETW - Working Total,"3,192"
7/1/2017,Alberta,Client Type Level,ETW - Not Working (Available for Work) Total,"18,111"
7/1/2017,Alberta,Client Type Level,ETW - Not Working (Unavailable for Work) Total,"13,207"
7/1/2017,Alberta,Client Type Level,BFE - Total,"20,832"
7/1/2017,Alberta,Client Type Level,Client Caseload Total,"55,342"
7/1/2017,Alberta,Family Composition,Single Total,"37,678"
7/1/2017,Alberta,Family Composition,Single Parent Total,"13,569"
7/1/2017,Alberta,Family Composition,Couples with Children Total,"2,674"
7/1/2017,Alberta,Family Composition,Childless Couples Total,"1,421"
7/1/2017,Alberta,Family Composition,All Types Total,"55,342"
8/1/2017,Alberta,Client Type Level,ETW - Working Total,"3,146"
8/1/2017,Alberta,Client Type Level,ETW - Not Working (Available for Work) Total,"18,206"
8/1/2017,Alberta,Client Type Level,ETW - Not Working (Unavailable for Work) Total,"13,106"
8/1/2017,Alberta,Client Type Level,BFE - Total,"21,223"
8/1/2017,Alberta,Client Type Level,Client Caseload Total,"55,681"
8/1/2017,Alberta,Family Composition,Single Total,"37,891"
8/1/2017,Alberta,Family Composition,Single Parent Total,"13,713"
8/1/2017,Alberta,Family Composition,Couples with Children Total,"2,681"
8/1/2017,Alberta,Family Composition,Childless Couples Total,"1,396"
8/1/2017,Alberta,Family Composition,All Types Total,"55,681"
9/1/2017,Alberta,Client Type Level,ETW - Working Total,"3,209"
9/1/2017,Alberta,Client Type Level,ETW - Not Working (Available for Work) Total,"17,703"
9/1/2017,Alberta,Client Type Level,ETW - Not Working (Unavailable for Work) Total,"12,910"
9/1/2017,Alberta,Client Type Level,BFE - Total,"21,301"
9/1/2017,Alberta,Client Type Level,Client Caseload Total,"55,123"
9/1/2017,Alberta,Family Composition,Single Total,"37,475"
9/1/2017,Alberta,Family Composition,Single Parent Total,"13,576"
9/1/2017,Alberta,Family Composition,Couples with Children Total,"2,666"
9/1/2017,Alberta,Family Composition,Childless Couples Total,"1,406"
9/1/2017,Alberta,Family Composition,All Types Total,"55,123"
10/1/2017,Alberta,Client Type Level,ETW - Working Total,"2,961"
10/1/2017,Alberta,Client Type Level,ETW - Not Working (Available for Work) Total,"17,266"
10/1/2017,Alberta,Client Type Level,ETW - Not Working (Unavailable for Work) Total,"12,735"
10/1/2017,Alberta,Client Type Level,BFE - Total,"21,456"
10/1/2017,Alberta,Client Type Level,Client Caseload Total,"54,418"
10/1/2017,Alberta,Family Composition,Single Total,"37,074"
10/1/2017,Alberta,Family Composition,Single Parent Total,"13,336"
10/1/2017,Alberta,Family Composition,Couples with Children Total,"2,618"
10/1/2017,Alberta,Family Composition,Childless Couples Total,"1,390"
10/1/2017,Alberta,Family Composition,All Types Total,"54,418"
11/1/2017,Alberta,Client Type Level,ETW - Working Total,"3,068"
11/1/2017,Alberta,Client Type Level,ETW - Not Working (Available for Work) Total,"17,536"
11/1/2017,Alberta,Client Type Level,ETW - Not Working (Unavailable for Work) Total,"12,961"
11/1/2017,Alberta,Client Type Level,BFE - Total,"21,701"
11/1/2017,Alberta,Client Type Level,Client Caseload Total,"55,266"
11/1/2017,Alberta,Family Composition,Single Total,"37,837"
11/1/2017,Alberta,Family Composition,Single Parent Total,"13,339"
11/1/2017,Alberta,Family Composition,Couples with Children Total,"2,675"
11/1/2017,Alberta,Family Composition,Childless Couples Total,"1,415"
11/1/2017,Alberta,Family Composition,All Types Total,"55,266"
12/1/2017,Alberta,Client Type Level,ETW - Working Total,"2,841"
12/1/2017,Alberta,Client Type Level,ETW - Not Working (Available for Work) Total,"17,895"
12/1/2017,Alberta,Client Type Level,ETW - Not Working (Unavailable for Work) Total,"12,937"
12/1/2017,Alberta,Client Type Level,BFE - Total,"21,688"
12/1/2017,Alberta,Client Type Level,Client Caseload Total,"55,361"
12/1/2017,Alberta,Family Composition,Single Total,"38,031"
12/1/2017,Alberta,Family Composition,Single Parent Total,"13,190"
12/1/2017,Alberta,Family Composition,Couples with Children Total,"2,718"
12/1/2017,Alberta,Family Composition,Childless Couples Total,"1,422"
12/1/2017,Alberta,Family Composition,All Types Total,"55,361"
1/1/2018,Alberta,Client Type Level,ETW - Working Total,"2,875"
1/1/2018,Alberta,Client Type Level,ETW - Not Working (Available for Work) Total,"19,483"
1/1/2018,Alberta,Client Type Level,ETW - Not Working (Unavailable for Work) Total,"12,710"
1/1/2018,Alberta,Client Type Level,BFE - Total,"21,935"
1/1/2018,Alberta,Client Type Level,Client Caseload Total,"57,003"
1/1/2018,Alberta,Family Composition,Single Total,"39,325"
1/1/2018,Alberta,Family Composition,Single Parent Total,"13,417"
1/1/2018,Alberta,Family Composition,Couples with Children Total,"2,799"
1/1/2018,Alberta,Family Composition,Childless Couples Total,"1,462"
1/1/2018,Alberta,Family Composition,All Types Total,"57,003"
2/1/2018,Alberta,Client Type Level,ETW - Working Total,"2,950"
2/1/2018,Alberta,Client Type Level,ETW - Not Working (Available for Work) Total,"20,097"
2/1/2018,Alberta,Client Type Level,ETW - Not Working (Unavailable for Work) Total,"12,055"
2/1/2018,Alberta,Client Type Level,BFE - Total,"22,025"
2/1/2018,Alberta,Client Type Level,Client Caseload Total,"57,127"
2/1/2018,Alberta,Family Composition,Single Total,"39,440"
2/1/2018,Alberta,Family Composition,Single Parent Total,"13,415"
2/1/2018,Alberta,Family Composition,Couples with Children Total,"2,838"
2/1/2018,Alberta,Family Composition,Childless Couples Total,"1,436"
2/1/2018,Alberta,Family Composition,All Types Total,"57,127"
3/1/2018,Alberta,Client Type Level,ETW - Working Total,"3,019"
3/1/2018,Alberta,Client Type Level,ETW - Not Working (Available for Work) Total,"20,206"
3/1/2018,Alberta,Client Type Level,ETW - Not Working (Unavailable for Work) Total,"12,068"
3/1/2018,Alberta,Client Type Level,BFE - Total,"22,183"
3/1/2018,Alberta,Client Type Level,Client Caseload Total,"57,476"
3/1/2018,Alberta,Family Composition,Single Total,"39,805"
3/1/2018,Alberta,Family Composition,Single Parent Total,"13,412"
3/1/2018,Alberta,Family Composition,Couples with Children Total,"2,831"
3/1/2018,Alberta,Family Composition,Childless Couples Total,"1,428"
3/1/2018,Alberta,Family Composition,All Types Total,"57,476"
4/1/2018,Alberta,Client Type Level,ETW - Working Total,"3,173"
4/1/2018,Alberta,Client Type Level,ETW - Not Working (Available for Work) Total,"19,918"
4/1/2018,Alberta,Client Type Level,ETW - Not Working (Unavailable for Work) Total,"11,927"
4/1/2018,Alberta,Client Type Level,BFE - Total,"22,320"
4/1/2018,Alberta,Client Type Level,Client Caseload Total,"57,338"
4/1/2018,Alberta,Family Composition,Single Total,"39,728"
4/1/2018,Alberta,Family Composition,Single Parent Total,"13,341"
4/1/2018,Alberta,Family Composition,Couples with Children Total,"2,851"
4/1/2018,Alberta,Family Composition,Childless Couples Total,"1,418"
4/1/2018,Alberta,Family Composition,All Types Total,"57,338"
4/1/2018,Alberta,CSS Regions,Calgary,"17,407"
4/1/2018,Alberta,CSS Regions,Central,"5,133"
4/1/2018,Alberta,CSS Regions,Edmonton,"29,138"
4/1/2018,Alberta,CSS Regions,North Central,916
4/1/2018,Alberta,CSS Regions,North East,322
4/1/2018,Alberta,CSS Regions,North West,"1,416"
4/1/2018,Alberta,CSS Regions,South,"3,006"
4/1/2018,Alberta,CSS Regions,All Regions Total,"57,338"
5/1/2018,Alberta,Client Type Level,ETW - Working Total,"3,438"
5/1/2018,Alberta,Client Type Level,ETW - Not Working (Available for Work) Total,"19,693"
5/1/2018,Alberta,Client Type Level,ETW - Not Working (Unavailable for Work) Total,"11,884"
5/1/2018,Alberta,Client Type Level,BFE - Total,"22,516"
5/1/2018,Alberta,Client Type Level,Client Caseload Total,"57,531"
5/1/2018,Alberta,Family Composition,Single Total,"39,776"
5/1/2018,Alberta,Family Composition,Single Parent Total,"13,517"
5/1/2018,Alberta,Family Composition,Couples with Children Total,"2,830"
5/1/2018,Alberta,Family Composition,Childless Couples Total,"1,408"
5/1/2018,Alberta,Family Composition,All Types Total,"57,531"
5/1/2018,Alberta,CSS Regions,Calgary,"17,292"
5/1/2018,Alberta,CSS Regions,Central,"5,171"
5/1/2018,Alberta,CSS Regions,Edmonton,"29,378"
5/1/2018,Alberta,CSS Regions,North Central,896
5/1/2018,Alberta,CSS Regions,North East,324
5/1/2018,Alberta,CSS Regions,North West,"1,453"
5/1/2018,Alberta,CSS Regions,South,"3,017"
5/1/2018,Alberta,CSS Regions,All Regions Total,"57,531"
6/1/2018,Alberta,Client Type Level,ETW - Working Total,"3,305"
6/1/2018,Alberta,Client Type Level,ETW - Not Working (Available for Work) Total,"19,535"
6/1/2018,Alberta,Client Type Level,ETW - Not Working (Unavailable for Work) Total,"11,735"
6/1/2018,Alberta,Client Type Level,BFE - Total,"22,557"
6/1/2018,Alberta,Client Type Level,Client Caseload Total,"57,132"
6/1/2018,Alberta,Family Composition,Single Total,"39,352"
6/1/2018,Alberta,Family Composition,Single Parent Total,"13,605"
6/1/2018,Alberta,Family Composition,Couples with Children Total,"2,792"
6/1/2018,Alberta,Family Composition,Childless Couples Total,"1,383"
6/1/2018,Alberta,Family Composition,All Types Total,"57,132"
6/1/2018,Alberta,CSS Regions,Calgary,"17,024"
6/1/2018,Alberta,CSS Regions,Central,"5,092"
6/1/2018,Alberta,CSS Regions,Edmonton,"29,417"
6/1/2018,Alberta,CSS Regions,North Central,832
6/1/2018,Alberta,CSS Regions,North East,326
6/1/2018,Alberta,CSS Regions,North West,"1,475"
6/1/2018,Alberta,CSS Regions,South,"2,966"
6/1/2018,Alberta,CSS Regions,All Regions Total,"57,132"
7/1/2018,Alberta,Client Type Level,ETW - Working Total,"3,069"
7/1/2018,Alberta,Client Type Level,ETW - Not Working (Available for Work) Total,"19,212"
7/1/2018,Alberta,Client Type Level,ETW - Not Working (Unavailable for Work) Total,"11,875"
7/1/2018,Alberta,Client Type Level,BFE - Total,"22,644"
7/1/2018,Alberta,Client Type Level,Client Caseload Total,"56,800"
7/1/2018,Alberta,Family Composition,Single Total,"38,959"
7/1/2018,Alberta,Family Composition,Single Parent Total,"13,746"
7/1/2018,Alberta,Family Composition,Couples with Children Total,"2,733"
7/1/2018,Alberta,Family Composition,Childless Couples Total,"1,362"
7/1/2018,Alberta,Family Composition,All Types Total,"56,800"
7/1/2018,Alberta,CSS Regions,Calgary,"16,806"
7/1/2018,Alberta,CSS Regions,Central,"4,985"
7/1/2018,Alberta,CSS Regions,Edmonton,"29,398"
7/1/2018,Alberta,CSS Regions,North Central,829
7/1/2018,Alberta,CSS Regions,North East,330
7/1/2018,Alberta,CSS Regions,North West,"1,507"
7/1/2018,Alberta,CSS Regions,South,"2,945"
7/1/2018,Alberta,CSS Regions,All Regions Total,"56,800"
8/1/2018,Alberta,Client Type Level,ETW - Working Total,"3,081"
8/1/2018,Alberta,Client Type Level,ETW - Not Working (Available for Work) Total,"19,376"
8/1/2018,Alberta,Client Type Level,ETW - Not Working (Unavailable for Work) Total,"11,828"
8/1/2018,Alberta,Client Type Level,BFE - Total,"22,797"
8/1/2018,Alberta,Client Type Level,Client Caseload Total,"57,082"
8/1/2018,Alberta,Family Composition,Single Total,"39,101"
8/1/2018,Alberta,Family Composition,Single Parent Total,"13,911"
8/1/2018,Alberta,Family Composition,Couples with Children Total,"2,697"
8/1/2018,Alberta,Family Composition,Childless Couples Total,"1,373"
8/1/2018,Alberta,Family Composition,All Types Total,"57,082"
8/1/2018,Alberta,CSS Regions,Calgary,"16,718"
8/1/2018,Alberta,CSS Regions,Central,"5,031"
8/1/2018,Alberta,CSS Regions,Edmonton,"29,648"
8/1/2018,Alberta,CSS Regions,North Central,825
8/1/2018,Alberta,CSS Regions,North East,347
8/1/2018,Alberta,CSS Regions,North West,"1,575"
8/1/2018,Alberta,CSS Regions,South,"2,938"
8/1/2018,Alberta,CSS Regions,All Regions Total,"57,082"
9/1/2018,Alberta,Client Type Level,ETW - Working Total,"3,034"
9/1/2018,Alberta,Client Type Level,ETW - Not Working (Available for Work) Total,"18,698"
9/1/2018,Alberta,Client Type Level,ETW - Not Working (Unavailable for Work) Total,"11,844"
9/1/2018,Alberta,Client Type Level,BFE - Total,"22,891"
9/1/2018,Alberta,Client Type Level,Client Caseload Total,"56,467"
9/1/2018,Alberta,Family Composition,Single Total,"38,804"
9/1/2018,Alberta,Family Composition,Single Parent Total,"13,682"
9/1/2018,Alberta,Family Composition,Couples with Children Total,"2,644"
9/1/2018,Alberta,Family Composition,Childless Couples Total,"1,337"
9/1/2018,Alberta,Family Composition,All Types Total,"56,467"
9/1/2018,Alberta,CSS Regions,Calgary,"16,380"
9/1/2018,Alberta,CSS Regions,Central,"4,997"
9/1/2018,Alberta,CSS Regions,Edmonton,"29,485"
9/1/2018,Alberta,CSS Regions,North Central,798
9/1/2018,Alberta,CSS Regions,North East,347
9/1/2018,Alberta,CSS Regions,North West,"1,507"
9/1/2018,Alberta,CSS Regions,South,"2,953"
9/1/2018,Alberta,CSS Regions,All Regions Total,"56,467"
10/1/2018,Alberta,Client Type Level,ETW - Working Total,"3,188"
10/1/2018,Alberta,Client Type Level,ETW - Not Working (Available for Work) Total,"18,740"
10/1/2018,Alberta,Client Type Level,ETW - Not Working (Unavailable for Work) Total,"11,975"
10/1/2018,Alberta,Client Type Level,BFE - Total,"23,057"
10/1/2018,Alberta,Client Type Level,Client Caseload Total,"56,960"
10/1/2018,Alberta,Family Composition,Single Total,"39,250"
10/1/2018,Alberta,Family Composition,Single Parent Total,"13,695"
10/1/2018,Alberta,Family Composition,Couples with Children Total,"2,659"
10/1/2018,Alberta,Family Composition,Childless Couples Total,"1,356"
10/1/2018,Alberta,Family Composition,All Types Total,"56,960"
10/1/2018,Alberta,CSS Regions,Calgary,"16,428"
10/1/2018,Alberta,CSS Regions,Central,"5,080"
10/1/2018,Alberta,CSS Regions,Edmonton,"29,951"
10/1/2018,Alberta,CSS Regions,North Central,771
10/1/2018,Alberta,CSS Regions,North East,345
10/1/2018,Alberta,CSS Regions,North West,"1,437"
10/1/2018,Alberta,CSS Regions,South,"2,948"
10/1/2018,Alberta,CSS Regions,All Regions Total,"56,960"
11/1/2018,Alberta,Client Type Level,ETW - Working Total,"3,132"
11/1/2018,Alberta,Client Type Level,ETW - Not Working (Available for Work) Total,"18,926"
11/1/2018,Alberta,Client Type Level,ETW - Not Working (Unavailable for Work) Total,"12,161"
11/1/2018,Alberta,Client Type Level,BFE - Total,"23,149"
11/1/2018,Alberta,Client Type Level,Client Caseload Total,"57,368"
11/1/2018,Alberta,Family Composition,Single Total,"39,675"
11/1/2018,Alberta,Family Composition,Single Parent Total,"13,659"
11/1/2018,Alberta,Family Composition,Couples with Children Total,"2,664"
11/1/2018,Alberta,Family Composition,Childless Couples Total,"1,370"
11/1/2018,Alberta,Family Composition,All Types Total,"57,368"
11/1/2018,Alberta,CSS Regions,Calgary,"16,434"
11/1/2018,Alberta,CSS Regions,Central,"5,141"
11/1/2018,Alberta,CSS Regions,Edmonton,"30,296"
11/1/2018,Alberta,CSS Regions,North Central,767
11/1/2018,Alberta,CSS Regions,North East,364
11/1/2018,Alberta,CSS Regions,North West,"1,397"
11/1/2018,Alberta,CSS Regions,South,"2,969"
11/1/2018,Alberta,CSS Regions,All Regions Total,"57,368"
12/1/2018,Alberta,Client Type Level,ETW - Working Total,"2,767"
12/1/2018,Alberta,Client Type Level,ETW - Not Working (Available for Work) Total,"19,850"
12/1/2018,Alberta,Client Type Level,ETW - Not Working (Unavailable for Work) Total,"11,943"
12/1/2018,Alberta,Client Type Level,BFE - Total,"22,924"
12/1/2018,Alberta,Client Type Level,Client Caseload Total,"57,484"
12/1/2018,Alberta,Family Composition,Single Total,"39,930"
12/1/2018,Alberta,Family Composition,Single Parent Total,"13,512"
12/1/2018,Alberta,Family Composition,Couples with Children Total,"2,652"
12/1/2018,Alberta,Family Composition,Childless Couples Total,"1,390"
12/1/2018,Alberta,Family Composition,All Types Total,"57,484"
12/1/2018,Alberta,CSS Regions,Calgary,"16,372"
12/1/2018,Alberta,CSS Regions,Central,"5,173"
12/1/2018,Alberta,CSS Regions,Edmonton,"30,440"
12/1/2018,Alberta,CSS Regions,North Central,802
12/1/2018,Alberta,CSS Regions,North East,367
12/1/2018,Alberta,CSS Regions,North West,"1,336"
12/1/2018,Alberta,CSS Regions,South,"2,994"
12/1/2018,Alberta,CSS Regions,All Regions Total,"57,484"
1/1/2019,Alberta,Client Type Level,ETW - Working Total,"3,024"
1/1/2019,Alberta,Client Type Level,ETW - Not Working (Available for Work) Total,"21,745"
1/1/2019,Alberta,Client Type Level,ETW - Not Working (Unavailable for Work) Total,"12,338"
1/1/2019,Alberta,Client Type Level,BFE - Total,"22,833"
1/1/2019,Alberta,Client Type Level,Client Caseload Total,"59,940"
1/1/2019,Alberta,Family Composition,Single Total,"41,621"
1/1/2019,Alberta,Family Composition,Single Parent Total,"13,994"
1/1/2019,Alberta,Family Composition,Couples with Children Total,"2,831"
1/1/2019,Alberta,Family Composition,Childless Couples Total,"1,494"
1/1/2019,Alberta,Family Composition,All Types Total,"59,940"
1/1/2019,Alberta,CSS Regions,Calgary,"17,142"
1/1/2019,Alberta,CSS Regions,Central,"5,420"
1/1/2019,Alberta,CSS Regions,Edmonton,"31,395"
1/1/2019,Alberta,CSS Regions,North Central,918
1/1/2019,Alberta,CSS Regions,North East,404
1/1/2019,Alberta,CSS Regions,North West,"1,481"
1/1/2019,Alberta,CSS Regions,South,"3,180"
1/1/2019,Alberta,CSS Regions,All Regions Total,"59,940"
2/1/2019,Alberta,Client Type Level,ETW - Working Total,"3,240"
2/1/2019,Alberta,Client Type Level,ETW - Not Working (Available for Work) Total,"22,115"
2/1/2019,Alberta,Client Type Level,ETW - Not Working (Unavailable for Work) Total,"12,233"
2/1/2019,Alberta,Client Type Level,BFE - Total,"22,676"
2/1/2019,Alberta,Client Type Level,Client Caseload Total,"60,264"
2/1/2019,Alberta,Family Composition,Single Total,"41,880"
2/1/2019,Alberta,Family Composition,Single Parent Total,"13,991"
2/1/2019,Alberta,Family Composition,Couples with Children Total,"2,887"
2/1/2019,Alberta,Family Composition,Childless Couples Total,"1,506"
2/1/2019,Alberta,Family Composition,All Types Total,"60,264"
2/1/2019,Alberta,CSS Regions,Calgary,"17,391"
2/1/2019,Alberta,CSS Regions,Central,"5,449"
2/1/2019,Alberta,CSS Regions,Edmonton,"31,412"
2/1/2019,Alberta,CSS Regions,North Central,948
2/1/2019,Alberta,CSS Regions,North East,401
2/1/2019,Alberta,CSS Regions,North West,"1,462"
2/1/2019,Alberta,CSS Regions,South,"3,201"
2/1/2019,Alberta,CSS Regions,All Regions Total,"60,264"
3/1/2019,Alberta,Client Type Level,ETW - Working Total,"3,318"
3/1/2019,Alberta,Client Type Level,ETW - Not Working (Available for Work) Total,"22,334"
3/1/2019,Alberta,Client Type Level,ETW - Not Working (Unavailable for Work) Total,"12,485"
3/1/2019,Alberta,Client Type Level,BFE - Total,"22,574"
3/1/2019,Alberta,Client Type Level,Client Caseload Total,"60,711"
3/1/2019,Alberta,Family Composition,Single Total,"42,228"
3/1/2019,Alberta,Family Composition,Single Parent Total,"14,045"
3/1/2019,Alberta,Family Composition,Couples with Children Total,"2,908"
3/1/2019,Alberta,Family Composition,Childless Couples Total,"1,530"
3/1/2019,Alberta,Family Composition,All Types Total,"60,711"
3/1/2019,Alberta,CSS Regions,Calgary,"17,654"
3/1/2019,Alberta,CSS Regions,Central,"5,496"
3/1/2019,Alberta,CSS Regions,Edmonton,"31,595"
3/1/2019,Alberta,CSS Regions,North Central,941
3/1/2019,Alberta,CSS Regions,North East,420
3/1/2019,Alberta,CSS Regions,North West,"1,430"
3/1/2019,Alberta,CSS Regions,South,"3,175"
3/1/2019,Alberta,CSS Regions,All Regions Total,"60,711"
4/1/2019,Alberta,Client Type Level,ETW - Working Total,"3,532"
4/1/2019,Alberta,Client Type Level,ETW - Not Working (Available for Work) Total,"22,335"
4/1/2019,Alberta,Client Type Level,ETW - Not Working (Unavailable for Work) Total,"12,470"
4/1/2019,Alberta,Client Type Level,BFE - Total,"22,464"
4/1/2019,Alberta,Client Type Level,Client Caseload Total,"60,801"
4/1/2019,Alberta,Family Composition,Single Total,"42,104"
4/1/2019,Alberta,Family Composition,Single Parent Total,"14,177"
4/1/2019,Alberta,Family Composition,Couples with Children Total,"2,977"
4/1/2019,Alberta,Family Composition,Childless Couples Total,"1,543"
4/1/2019,Alberta,Family Composition,All Types Total,"60,801"
4/1/2019,Alberta,CSS Regions,Calgary,"17,741"
4/1/2019,Alberta,CSS Regions,Central,"5,516"
4/1/2019,Alberta,CSS Regions,Edmonton,"31,643"
4/1/2019,Alberta,CSS Regions,North Central,918
4/1/2019,Alberta,CSS Regions,North East,430
4/1/2019,Alberta,CSS Regions,North West,"1,451"
4/1/2019,Alberta,CSS Regions,South,"3,102"
4/1/2019,Alberta,CSS Regions,All Regions Total,"60,801"
5/1/2019,Alberta,Client Type Level,ETW - Working Total,"3,703"
5/1/2019,Alberta,Client Type Level,ETW - Not Working (Available for Work) Total,"22,529"
5/1/2019,Alberta,Client Type Level,ETW - Not Working (Unavailable for Work) Total,"12,506"
5/1/2019,Alberta,Client Type Level,BFE - Total,"22,416"
5/1/2019,Alberta,Client Type Level,Client Caseload Total,"61,154"
5/1/2019,Alberta,Family Composition,Single Total,"42,110"
5/1/2019,Alberta,Family Composition,Single Parent Total,"14,478"
5/1/2019,Alberta,Family Composition,Couples with Children Total,"3,027"
5/1/2019,Alberta,Family Composition,Childless Couples Total,"1,539"
5/1/2019,Alberta,Family Composition,All Types Total,"61,154"
5/1/2019,Alberta,CSS Regions,Calgary,"17,789"
5/1/2019,Alberta,CSS Regions,Central,"5,585"
5/1/2019,Alberta,CSS Regions,Edmonton,"31,845"
5/1/2019,Alberta,CSS Regions,North Central,952
5/1/2019,Alberta,CSS Regions,North East,428
5/1/2019,Alberta,CSS Regions,North West,"1,461"
5/1/2019,Alberta,CSS Regions,South,"3,094"
5/1/2019,Alberta,CSS Regions,All Regions Total,"61,154"
6/1/2019,Alberta,Client Type Level,ETW - Working Total,"3,445"
6/1/2019,Alberta,Client Type Level,ETW - Not Working (Available for Work) Total,"22,328"
6/1/2019,Alberta,Client Type Level,ETW - Not Working (Unavailable for Work) Total,"12,530"
6/1/2019,Alberta,Client Type Level,BFE - Total,"22,429"
6/1/2019,Alberta,Client Type Level,Client Caseload Total,"60,732"
6/1/2019,Alberta,Family Composition,Single Total,"41,646"
6/1/2019,Alberta,Family Composition,Single Parent Total,"14,608"
6/1/2019,Alberta,Family Composition,Couples with Children Total,"2,976"
6/1/2019,Alberta,Family Composition,Childless Couples Total,"1,502"
6/1/2019,Alberta,Family Composition,All Types Total,"60,732"
6/1/2019,Alberta,CSS Regions,Calgary,"17,544"
6/1/2019,Alberta,CSS Regions,Central,"5,524"
6/1/2019,Alberta,CSS Regions,Edmonton,"31,702"
6/1/2019,Alberta,CSS Regions,North Central,905
6/1/2019,Alberta,CSS Regions,North East,430
6/1/2019,Alberta,CSS Regions,North West,"1,517"
6/1/2019,Alberta,CSS Regions,South,"3,110"
6/1/2019,Alberta,CSS Regions,All Regions Total,"60,732"
7/1/2019,Alberta,Client Type Level,ETW - Working Total,"3,410"
7/1/2019,Alberta,Client Type Level,ETW - Not Working (Available for Work) Total,"22,594"
7/1/2019,Alberta,Client Type Level,ETW - Not Working (Unavailable for Work) Total,"12,719"
7/1/2019,Alberta,Client Type Level,BFE - Total,"22,435"
7/1/2019,Alberta,Client Type Level,Client Caseload Total,"61,158"
7/1/2019,Alberta,Family Composition,Single Total,"41,687"
7/1/2019,Alberta,Family Composition,Single Parent Total,"14,928"
7/1/2019,Alberta,Family Composition,Couples with Children Total,"3,015"
7/1/2019,Alberta,Family Composition,Childless Couples Total,"1,528"
7/1/2019,Alberta,Family Composition,All Types Total,"61,158"
7/1/2019,Alberta,CSS Regions,Calgary,"17,645"
7/1/2019,Alberta,CSS Regions,Central,"5,554"
7/1/2019,Alberta,CSS Regions,Edmonton,"32,050"
7/1/2019,Alberta,CSS Regions,North Central,898
7/1/2019,Alberta,CSS Regions,North East,432
7/1/2019,Alberta,CSS Regions,North West,"1,484"
7/1/2019,Alberta,CSS Regions,South,"3,095"
7/1/2019,Alberta,CSS Regions,All Regions Total,"61,158"
8/1/2019,Alberta,Client Type Level,ETW - Working Total,"3,616"
8/1/2019,Alberta,Client Type Level,ETW - Not Working (Available for Work) Total,"22,739"
8/1/2019,Alberta,Client Type Level,ETW - Not Working (Unavailable for Work) Total,"13,010"
8/1/2019,Alberta,Client Type Level,BFE - Total,"22,307"
8/1/2019,Alberta,Client Type Level,Client Caseload Total,"61,672"
8/1/2019,Alberta,Family Composition,Single Total,"41,875"
8/1/2019,Alberta,Family Composition,Single Parent Total,"15,203"
8/1/2019,Alberta,Family Composition,Couples with Children Total,"3,080"
8/1/2019,Alberta,Family Composition,Childless Couples Total,"1,514"
8/1/2019,Alberta,Family Composition,All Types Total,"61,672"
8/1/2019,Alberta,CSS Regions,Calgary,"17,759"
8/1/2019,Alberta,CSS Regions,Central,"5,640"
8/1/2019,Alberta,CSS Regions,Edmonton,"32,409"
8/1/2019,Alberta,CSS Regions,North Central,903
8/1/2019,Alberta,CSS Regions,North East,440
8/1/2019,Alberta,CSS Regions,North West,"1,445"
8/1/2019,Alberta,CSS Regions,South,"3,076"
8/1/2019,Alberta,CSS Regions,All Regions Total,"61,672"
9/1/2019,Alberta,Client Type Level,ETW - Working Total,"3,645"
9/1/2019,Alberta,Client Type Level,ETW - Not Working (Available for Work) Total,"22,814"
9/1/2019,Alberta,Client Type Level,ETW - Not Working (Unavailable for Work) Total,"12,656"
9/1/2019,Alberta,Client Type Level,BFE - Total,"22,138"
9/1/2019,Alberta,Client Type Level,Client Caseload Total,"61,253"
9/1/2019,Alberta,Family Composition,Single Total,"41,577"
9/1/2019,Alberta,Family Composition,Single Parent Total,"15,109"
9/1/2019,Alberta,Family Composition,Couples with Children Total,"1,490"
9/1/2019,Alberta,Family Composition,Childless Couples Total,"3,077"
9/1/2019,Alberta,Family Composition,All Types Total,"61,253"
9/1/2019,Alberta,CSS Regions,Calgary,"17,644"
9/1/2019,Alberta,CSS Regions,Central,"5,577"
9/1/2019,Alberta,CSS Regions,Edmonton,"32,241"
9/1/2019,Alberta,CSS Regions,North Central,902
9/1/2019,Alberta,CSS Regions,North East,424
9/1/2019,Alberta,CSS Regions,North West,"1,419"
9/1/2019,Alberta,CSS Regions,South,"3,046"
9/1/2019,Alberta,CSS Regions,All Regions Total,"61,253"
10/1/2019,Alberta,Client Type Level,ETW - Working Total,"3,613"
10/1/2019,Alberta,Client Type Level,ETW - Not Working (Available for Work) Total,"22,413"
10/1/2019,Alberta,Client Type Level,ETW - Not Working (Unavailable for Work) Total,"12,754"
10/1/2019,Alberta,Client Type Level,BFE - Total,"22,159"
10/1/2019,Alberta,Client Type Level,Client Caseload Total,"60,939"
10/1/2019,Alberta,Family Composition,Single Total,"41,371"
10/1/2019,Alberta,Family Composition,Single Parent Total,"14,987"
10/1/2019,Alberta,Family Composition,Couples with Children Total,"1,494"
10/1/2019,Alberta,Family Composition,Childless Couples Total,"3,087"
10/1/2019,Alberta,Family Composition,All Types Total,"60,939"
10/1/2019,Alberta,CSS Regions,Calgary,"17,688"
10/1/2019,Alberta,CSS Regions,Central,"5,588"
10/1/2019,Alberta,CSS Regions,Edmonton,"32,015"
10/1/2019,Alberta,CSS Regions,North Central,880
10/1/2019,Alberta,CSS Regions,North East,405
10/1/2019,Alberta,CSS Regions,North West,"1,324"
10/1/2019,Alberta,CSS Regions,South,"3,039"
10/1/2019,Alberta,CSS Regions,All Regions Total,"60,939"
11/1/2019,Alberta,Client Type Level,ETW - Working Total,"3,499"
11/1/2019,Alberta,Client Type Level,ETW - Not Working (Available for Work) Total,"22,647"
11/1/2019,Alberta,Client Type Level,ETW - Not Working (Unavailable for Work) Total,"12,634"
11/1/2019,Alberta,Client Type Level,BFE - Total,"22,159"
11/1/2019,Alberta,Client Type Level,Client Caseload Total,"60,939"
11/1/2019,Alberta,Family Composition,Single Total,"41,290"
11/1/2019,Alberta,Family Composition,Single Parent Total,"15,019"
11/1/2019,Alberta,Family Composition,Couples with Children Total,"1,520"
11/1/2019,Alberta,Family Composition,Childless Couples Total,"3,110"
11/1/2019,Alberta,Family Composition,All Types Total,"60,939"
11/1/2019,Alberta,CSS Regions,Calgary,"17,783"
11/1/2019,Alberta,CSS Regions,Central,"5,603"
11/1/2019,Alberta,CSS Regions,Edmonton,"31,906"
11/1/2019,Alberta,CSS Regions,North Central,917
11/1/2019,Alberta,CSS Regions,North East,424
11/1/2019,Alberta,CSS Regions,North West,"1,246"
11/1/2019,Alberta,CSS Regions,South,"3,060"
11/1/2019,Alberta,CSS Regions,All Regions Total,"60,939"
12/1/2019,Alberta,Client Type Level,ETW - Working Total,"3,166"
12/1/2019,Alberta,Client Type Level,ETW - Not Working (Available for Work) Total,"22,960"
12/1/2019,Alberta,Client Type Level,ETW - Not Working (Unavailable for Work) Total,"12,623"
12/1/2019,Alberta,Client Type Level,BFE - Total,"22,061"
12/1/2019,Alberta,Client Type Level,Client Caseload Total,"60,810"
12/1/2019,Alberta,Family Composition,Single Total,"41,313"
12/1/2019,Alberta,Family Composition,Single Parent Total,"14,879"
12/1/2019,Alberta,Family Composition,Couples with Children Total,"1,507"
12/1/2019,Alberta,Family Composition,Childless Couples Total,"3,111"
12/1/2019,Alberta,Family Composition,All Types Total,"60,810"
12/1/2019,Alberta,CSS Regions,Calgary,"17,846"
12/1/2019,Alberta,CSS Regions,Central,"5,534"
12/1/2019,Alberta,CSS Regions,Edmonton,"31,877"
12/1/2019,Alberta,CSS Regions,North Central,915
12/1/2019,Alberta,CSS Regions,North East,421
12/1/2019,Alberta,CSS Regions,North West,"1,163"
12/1/2019,Alberta,CSS Regions,South,"3,054"
12/1/2019,Alberta,CSS Regions,All Regions Total,"60,810"
1/1/2020,Alberta,Client Type Level,ETW - Working Total,"3,277"
1/1/2020,Alberta,Client Type Level,ETW - Not Working (Available for Work) Total,"24,049"
1/1/2020,Alberta,Client Type Level,ETW - Not Working (Unavailable for Work) Total,"12,496"
1/1/2020,Alberta,Client Type Level,BFE - Total,"22,199"
1/1/2020,Alberta,Client Type Level,Client Caseload Total,"62,021"
1/1/2020,Alberta,Family Composition,Single Total,"42,190"
1/1/2020,Alberta,Family Composition,Single Parent Total,"15,117"
1/1/2020,Alberta,Family Composition,Couples with Children Total,"1,543"
1/1/2020,Alberta,Family Composition,Childless Couples Total,"3,171"
1/1/2020,Alberta,Family Composition,All Types Total,"62,021"
1/1/2020,Alberta,CSS Regions,Calgary,"18,269"
1/1/2020,Alberta,CSS Regions,Central,"5,618"
1/1/2020,Alberta,CSS Regions,Edmonton,"32,316"
1/1/2020,Alberta,CSS Regions,North Central,"1,013"
1/1/2020,Alberta,CSS Regions,North East,465
1/1/2020,Alberta,CSS Regions,North West,"1,256"
1/1/2020,Alberta,CSS Regions,South,"3,084"
1/1/2020,Alberta,CSS Regions,All Regions Total,"62,021"
2/1/2020,Alberta,Client Type Level,ETW - Working Total,"3,347"
2/1/2020,Alberta,Client Type Level,ETW - Not Working (Available for Work) Total,"23,632"
2/1/2020,Alberta,Client Type Level,ETW - Not Working (Unavailable for Work) Total,"12,415"
2/1/2020,Alberta,Client Type Level,BFE - Total,"22,191"
2/1/2020,Alberta,Client Type Level,Client Caseload Total,"61,585"
2/1/2020,Alberta,Family Composition,Single Total,"41,943"
2/1/2020,Alberta,Family Composition,Single Parent Total,"14,963"
2/1/2020,Alberta,Family Composition,Couples with Children Total,"1,520"
2/1/2020,Alberta,Family Composition,Childless Couples Total,"3,159"
2/1/2020,Alberta,Family Composition,All Types Total,"61,585"
2/1/2020,Alberta,CSS Regions,Calgary,"18,018"
2/1/2020,Alberta,CSS Regions,Central,"5,649"
2/1/2020,Alberta,CSS Regions,Edmonton,"32,188"
2/1/2020,Alberta,CSS Regions,North Central,"1,000"
2/1/2020,Alberta,CSS Regions,North East,457
2/1/2020,Alberta,CSS Regions,North West,"1,220"
2/1/2020,Alberta,CSS Regions,South,"3,053"
2/1/2020,Alberta,CSS Regions,All Regions Total,"61,585"
3/1/2020,Alberta,Client Type Level,ETW - Working Total,"2,867"
3/1/2020,Alberta,Client Type Level,ETW - Not Working (Available for Work) Total,"24,260"
3/1/2020,Alberta,Client Type Level,ETW - Not Working (Unavailable for Work) Total,"12,347"
3/1/2020,Alberta,Client Type Level,BFE - Total,"22,105"
3/1/2020,Alberta,Client Type Level,Client Caseload Total,"61,579"
3/1/2020,Alberta,Family Composition,Single Total,"41,794"
3/1/2020,Alberta,Family Composition,Single Parent Total,"14,995"
3/1/2020,Alberta,Family Composition,Couples with Children Total,"1,521"
3/1/2020,Alberta,Family Composition,Childless Couples Total,"3,269"
3/1/2020,Alberta,Family Composition,All Types Total,"61,579"
3/1/2020,Alberta,CSS Regions,Calgary,"17,945"
3/1/2020,Alberta,CSS Regions,Central,"5,834"
3/1/2020,Alberta,CSS Regions,Edmonton,"32,158"
3/1/2020,Alberta,CSS Regions,North Central,980
3/1/2020,Alberta,CSS Regions,North East,468
3/1/2020,Alberta,CSS Regions,North West,"1,157"
3/1/2020,Alberta,CSS Regions,South,"3,037"
3/1/2020,Alberta,CSS Regions,All Regions Total,"61,579"
4/1/2020,Alberta,Client Type Level,ETW - Working Total,"2,211"
4/1/2020,Alberta,Client Type Level,ETW - Not Working (Available for Work) Total,"25,566"
4/1/2020,Alberta,Client Type Level,ETW - Not Working (Unavailable for Work) Total,"11,468"
4/1/2020,Alberta,Client Type Level,BFE - Total,"21,896"
4/1/2020,Alberta,Client Type Level,Client Caseload Total,"61,141"
4/1/2020,Alberta,Family Composition,Single Total,"41,619"
4/1/2020,Alberta,Family Composition,Single Parent Total,"14,785"
4/1/2020,Alberta,Family Composition,Couples with Children Total,"1,501"
4/1/2020,Alberta,Family Composition,Childless Couples Total,"3,236"
4/1/2020,Alberta,Family Composition,All Types Total,"61,141"
4/1/2020,Alberta,CSS Regions,Calgary,"17,700"
4/1/2020,Alberta,CSS Regions,Central,"5,927"
4/1/2020,Alberta,CSS Regions,Edmonton,"32,002"
4/1/2020,Alberta,CSS Regions,North Central,932
4/1/2020,Alberta,CSS Regions,North East,466
4/1/2020,Alberta,CSS Regions,North West,"1,155"
4/1/2020,Alberta,CSS Regions,South,"2,959"
4/1/2020,Alberta,CSS Regions,All Regions Total,"61,141"
5/1/2020,Alberta,Client Type Level,ETW - Working Total,"1,575"
5/1/2020,Alberta,Client Type Level,ETW - Not Working (Available for Work) Total,"23,459"
5/1/2020,Alberta,Client Type Level,ETW - Not Working (Unavailable for Work) Total,"9,997"
5/1/2020,Alberta,Client Type Level,BFE - Total,"21,535"
5/1/2020,Alberta,Client Type Level,Client Caseload Total,"56,566"
5/1/2020,Alberta,Family Composition,Single Total,"38,311"
5/1/2020,Alberta,Family Composition,Single Parent Total,"13,916"
5/1/2020,Alberta,Family Composition,Couples with Children Total,"1,330"
5/1/2020,Alberta,Family Composition,Childless Couples Total,"3,009"
5/1/2020,Alberta,Family Composition,All Types Total,"56,566"
5/1/2020,Alberta,CSS Regions,Calgary,"16,244"
5/1/2020,Alberta,CSS Regions,Central,"5,445"
5/1/2020,Alberta,CSS Regions,Edmonton,"30,140"
5/1/2020,Alberta,CSS Regions,North Central,757
5/1/2020,Alberta,CSS Regions,North East,416
5/1/2020,Alberta,CSS Regions,North West,791
5/1/2020,Alberta,CSS Regions,South,"2,773"
5/1/2020,Alberta,CSS Regions,All Regions Total,"56,566"
6/1/2020,Alberta,Client Type Level,ETW - Working Total,"1,307"
6/1/2020,Alberta,Client Type Level,ETW - Not Working (Available for Work) Total,"20,410"
6/1/2020,Alberta,Client Type Level,ETW - Not Working (Unavailable for Work) Total,"9,041"
6/1/2020,Alberta,Client Type Level,BFE - Total,"21,204"
6/1/2020,Alberta,Client Type Level,Client Caseload Total,"51,962"
6/1/2020,Alberta,Family Composition,Single Total,"34,910"
6/1/2020,Alberta,Family Composition,Single Parent Total,"13,060"
6/1/2020,Alberta,Family Composition,Couples with Children Total,"1,171"
6/1/2020,Alberta,Family Composition,Childless Couples Total,"2,821"
6/1/2020,Alberta,Family Composition,All Types Total,"51,962"
6/1/2020,Alberta,CSS Regions,Calgary,"15,064"
6/1/2020,Alberta,CSS Regions,Central,"4,970"
6/1/2020,Alberta,CSS Regions,Edmonton,"27,776"
6/1/2020,Alberta,CSS Regions,North Central,628
6/1/2020,Alberta,CSS Regions,North East,380
6/1/2020,Alberta,CSS Regions,North West,582
6/1/2020,Alberta,CSS Regions,South,"2,562"
6/1/2020,Alberta,CSS Regions,All Regions Total,"51,962"
7/1/2020,Alberta,Client Type Level,ETW - Working Total,"1,198"
7/1/2020,Alberta,Client Type Level,ETW - Not Working (Available for Work) Total,"18,474"
7/1/2020,Alberta,Client Type Level,ETW - Not Working (Unavailable for Work) Total,"8,076"
7/1/2020,Alberta,Client Type Level,BFE - Total,"20,821"
7/1/2020,Alberta,Client Type Level,Client Caseload Total,"48,569"
7/1/2020,Alberta,Family Composition,Single Total,"32,263"
7/1/2020,Alberta,Family Composition,Single Parent Total,"12,520"
7/1/2020,Alberta,Family Composition,Couples with Children Total,"1,097"
7/1/2020,Alberta,Family Composition,Childless Couples Total,"2,689"
7/1/2020,Alberta,Family Composition,All Types Total,"48,569"
7/1/2020,Alberta,CSS Regions,Calgary,"14,024"
7/1/2020,Alberta,CSS Regions,Central,"4,622"
7/1/2020,Alberta,CSS Regions,Edmonton,"26,041"
7/1/2020,Alberta,CSS Regions,North Central,582
7/1/2020,Alberta,CSS Regions,North East,357
7/1/2020,Alberta,CSS Regions,North West,508
7/1/2020,Alberta,CSS Regions,South,"2,435"
7/1/2020,Alberta,CSS Regions,All Regions Total,"48,569"
8/1/2020,Alberta,Client Type Level,ETW - Working Total,"1,128"
8/1/2020,Alberta,Client Type Level,ETW - Not Working (Available for Work) Total,"17,291"
8/1/2020,Alberta,Client Type Level,ETW - Not Working (Unavailable for Work) Total,"7,364"
8/1/2020,Alberta,Client Type Level,BFE - Total,"20,404"
8/1/2020,Alberta,Client Type Level,Client Caseload Total,"46,187"
8/1/2020,Alberta,Family Composition,Single Total,"30,378"
8/1/2020,Alberta,Family Composition,Single Parent Total,"12,145"
8/1/2020,Alberta,Family Composition,Couples with Children Total,"1,054"
8/1/2020,Alberta,Family Composition,Childless Couples Total,"2,610"
8/1/2020,Alberta,Family Composition,All Types Total,"46,187"
8/1/2020,Alberta,CSS Regions,Calgary,"13,393"
8/1/2020,Alberta,CSS Regions,Central,"4,408"
8/1/2020,Alberta,CSS Regions,Edmonton,"24,782"
8/1/2020,Alberta,CSS Regions,North Central,555
8/1/2020,Alberta,CSS Regions,North East,332
8/1/2020,Alberta,CSS Regions,North West,439
8/1/2020,Alberta,CSS Regions,South,"2,278"
8/1/2020,Alberta,CSS Regions,All Regions Total,"46,187"
9/1/2020,Alberta,Client Type Level,ETW - Working Total,"1,134"
9/1/2020,Alberta,Client Type Level,ETW - Not Working (Available for Work) Total,"16,507"
9/1/2020,Alberta,Client Type Level,ETW - Not Working (Unavailable for Work) Total,"7,212"
9/1/2020,Alberta,Client Type Level,BFE - Total,"20,101"
9/1/2020,Alberta,Client Type Level,Client Caseload Total,"44,954"
9/1/2020,Alberta,Family Composition,Single Total,"29,467"
9/1/2020,Alberta,Family Composition,Single Parent Total,"11,947"
9/1/2020,Alberta,Family Composition,Couples with Children Total,"1,006"
9/1/2020,Alberta,Family Composition,Childless Couples Total,"2,534"
9/1/2020,Alberta,Family Composition,All Types Total,"44,954"
9/1/2020,Alberta,CSS Regions,Calgary,"13,028"
9/1/2020,Alberta,CSS Regions,Central,"4,224"
9/1/2020,Alberta,CSS Regions,Edmonton,"24,177"
9/1/2020,Alberta,CSS Regions,North Central,489
9/1/2020,Alberta,CSS Regions,North East,326
9/1/2020,Alberta,CSS Regions,North West,490
9/1/2020,Alberta,CSS Regions,South,"2,220"
9/1/2020,Alberta,CSS Regions,All Regions Total,"44,954"
10/1/2020,Alberta,Client Type Level,ETW - Working Total,"1,252"
10/1/2020,Alberta,Client Type Level,ETW - Not Working (Available for Work) Total,"16,091"
10/1/2020,Alberta,Client Type Level,ETW - Not Working (Unavailable for Work) Total,"7,605"
10/1/2020,Alberta,Client Type Level,BFE - Total,"20,034"
10/1/2020,Alberta,Client Type Level,Client Caseload Total,"44,982"
10/1/2020,Alberta,Family Composition,Single Total,"29,416"
10/1/2020,Alberta,Family Composition,Single Parent Total,"12,015"
10/1/2020,Alberta,Family Composition,Couples with Children Total,997
10/1/2020,Alberta,Family Composition,Childless Couples Total,"2,554"
10/1/2020,Alberta,Family Composition,All Types Total,"44,982"
10/1/2020,Alberta,CSS Regions,Calgary,"12,936"
10/1/2020,Alberta,CSS Regions,Central,"4,333"
10/1/2020,Alberta,CSS Regions,Edmonton,"24,039"
10/1/2020,Alberta,CSS Regions,North Central,553
10/1/2020,Alberta,CSS Regions,North East,347
10/1/2020,Alberta,CSS Regions,North West,564
10/1/2020,Alberta,CSS Regions,South,"2,210"
10/1/2020,Alberta,CSS Regions,All Regions Total,"44,982"
11/1/2020,Alberta,Client Type Level,ETW - Working Total,"1,250"
11/1/2020,Alberta,Client Type Level,ETW - Not Working (Available for Work) Total,"15,893"
11/1/2020,Alberta,Client Type Level,ETW - Not Working (Unavailable for Work) Total,"7,701"
11/1/2020,Alberta,Client Type Level,BFE - Total,"20,006"
11/1/2020,Alberta,Client Type Level,Client Caseload Total,"44,850"
11/1/2020,Alberta,Family Composition,Single Total,"29,440"
11/1/2020,Alberta,Family Composition,Single Parent Total,"11,889"
11/1/2020,Alberta,Family Composition,Couples with Children Total,991
11/1/2020,Alberta,Family Composition,Childless Couples Total,"2,530"
11/1/2020,Alberta,Family Composition,All Types Total,"44,850"
11/1/2020,Alberta,CSS Regions,Calgary,"12,749"
11/1/2020,Alberta,CSS Regions,Central,"4,321"
11/1/2020,Alberta,CSS Regions,Edmonton,"24,034"
11/1/2020,Alberta,CSS Regions,North Central,586
11/1/2020,Alberta,CSS Regions,North East,350
11/1/2020,Alberta,CSS Regions,North West,603
11/1/2020,Alberta,CSS Regions,South,"2,207"
11/1/2020,Alberta,CSS Regions,All Regions Total,"44,850"
12/1/2020,Alberta,Client Type Level,ETW - Working Total,"1,140"
12/1/2020,Alberta,Client Type Level,ETW - Not Working (Available for Work) Total,"15,651"
12/1/2020,Alberta,Client Type Level,ETW - Not Working (Unavailable for Work) Total,"7,674"
12/1/2020,Alberta,Client Type Level,BFE - Total,"19,894"
12/1/2020,Alberta,Client Type Level,Client Caseload Total,"44,359"
12/1/2020,Alberta,Family Composition,Single Total,"29,216"
12/1/2020,Alberta,Family Composition,Single Parent Total,"11,674"
12/1/2020,Alberta,Family Composition,Couples with Children Total,982
12/1/2020,Alberta,Family Composition,Childless Couples Total,"2,487"
12/1/2020,Alberta,Family Composition,All Types Total,"44,359"
12/1/2020,Alberta,CSS Regions,Calgary,"12,539"
12/1/2020,Alberta,CSS Regions,Central,"4,298"
12/1/2020,Alberta,CSS Regions,Edmonton,"23,772"
12/1/2020,Alberta,CSS Regions,North Central,598
12/1/2020,Alberta,CSS Regions,North East,344
12/1/2020,Alberta,CSS Regions,North West,607
12/1/2020,Alberta,CSS Regions,South,"2,201"
12/1/2020,Alberta,CSS Regions,All Regions Total,"44,359"
1/1/2021,Alberta,Client Type Level,ETW - Working Total,"1,116"
1/1/2021,Alberta,Client Type Level,ETW - Not Working (Available for Work) Total,"16,043"
1/1/2021,Alberta,Client Type Level,ETW - Not Working (Unavailable for Work) Total,"7,370"
1/1/2021,Alberta,Client Type Level,BFE - Total,"19,715"
1/1/2021,Alberta,Client Type Level,Client Caseload Total,"44,244"
1/1/2021,Alberta,Family Composition,Single Total,"29,089"
1/1/2021,Alberta,Family Composition,Single Parent Total,"11,677"
1/1/2021,Alberta,Family Composition,Couples with Children Total,"1,012"
1/1/2021,Alberta,Family Composition,Childless Couples Total,"2,466"
1/1/2021,Alberta,Family Composition,All Types Total,"44,244"
1/1/2021,Alberta,CSS Regions,Calgary,"12,467"
1/1/2021,Alberta,CSS Regions,Central,"4,318"
1/1/2021,Alberta,CSS Regions,Edmonton,"23,619"
1/1/2021,Alberta,CSS Regions,North Central,630
1/1/2021,Alberta,CSS Regions,North East,351
1/1/2021,Alberta,CSS Regions,North West,634
1/1/2021,Alberta,CSS Regions,South,"2,225"
1/1/2021,Alberta,CSS Regions,All Regions Total,"44,244"
2/1/2021,Alberta,Client Type Level,ETW - Working Total,"1,126"
2/1/2021,Alberta,Client Type Level,ETW - Not Working (Available for Work) Total,"15,761"
2/1/2021,Alberta,Client Type Level,ETW - Not Working (Unavailable for Work) Total,"7,331"
2/1/2021,Alberta,Client Type Level,BFE - Total,"19,631"
2/1/2021,Alberta,Client Type Level,Client Caseload Total,"43,849"
2/1/2021,Alberta,Family Composition,Single Total,"28,885"
2/1/2021,Alberta,Family Composition,Single Parent Total,"11,538"
2/1/2021,Alberta,Family Composition,Couples with Children Total,996
2/1/2021,Alberta,Family Composition,Childless Couples Total,"2,430"
2/1/2021,Alberta,Family Composition,All Types Total,"43,849"
2/1/2021,Alberta,CSS Regions,Calgary,"12,358"
2/1/2021,Alberta,CSS Regions,Central,"4,272"
2/1/2021,Alberta,CSS Regions,Edmonton,"23,352"
2/1/2021,Alberta,CSS Regions,North Central,650
2/1/2021,Alberta,CSS Regions,North East,337
2/1/2021,Alberta,CSS Regions,North West,645
2/1/2021,Alberta,CSS Regions,South,"2,235"
2/1/2021,Alberta,CSS Regions,All Regions Total,"43,849"
